Price per sqm,X,Y
23.09,27.6423,53.9201
18.03125,27.5745,53.9202
17.96666667,27.4674,53.9399
33.95098039,27.4733,53.9379
34.45771144,27.5325,53.9068
25.29179811,27.5865,53.9436
33.15646259,27.4614,53.9428
15,27.5634,53.9149
29.15454545,27.5909,53.9398
21.93162393,27.5505,53.9217
33.31168831,27.552,53.8975
21.38333333,27.5677,53.9111
28.81538462,27.5786,53.914
15.03448276,27.434108,53.904128
15.30456853,27.5482,53.8846
13.37057728,27.6038,53.9554
17.21822542,27.621,53.933
10.02298851,27.4208,53.9057
25.58325025,27.6377,53.9237
25.00974659,27.5634,53.9149
59.2,27.5325,53.9068
17.10526316,27.584699,53.937409
47.65714286,27.6073,53.924
21.81,27.603309,53.924854
47.03333333,27.5575,53.9013
33.3964497,27.4913,53.9383
38.86363636,27.5532,53.8957
17.57407407,27.522558,53.887499
28.96774194,27.584316,53.909816
25.56478405,27.4752,53.8975
25.66,27.5402,53.9119
18.33333333,27.4745,53.9126
18.05555556,27.68808,53.946843
19.234375,27.5654,53.9195
20.85,27.560384,53.90084
28.75862069,27.5261,53.9124
15.70748299,27.6887,53.9452
15.55151515,27.5844,53.9489
17.25454545,28.5129,54.2244
22.3968254,27.642537,53.933551
23.31818182,27.4864,53.8679
23.67692308,27.5843,53.9361
27.67567568,27.655047,53.932503
25.0591716,27.5543,53.9204
24.55319149,27.5196,53.8892
35.21229868,27.584043,53.904741
31.21698113,27.641882,53.919828
25.65909091,27.610663,53.927427
16.30508475,27.5331,53.914
14.9882904,27.6762,53.9554
21.66666667,27.4308,53.906
45.98113208,27.5532,53.8957
17.46196958,27.6916,53.9473
35.63888889,27.569578,53.922882
13.97029703,27.486948,53.929945
10.46938776,27.6091,53.8641
38.23003576,27.5603,53.9002
12.22222222,27.651752,53.937138
18.85294118,27.678,54.0144
14.47142857,27.4518,53.8995
31.50877193,27.5667,53.9019
23.73289407,27.5793,53.9113
24.046875,27.4369,53.9055
19.37777778,27.6966,53.9261
20.525,27.428436,53.908265
23.31818182,27.4685,53.9393
28.51111111,27.5813,53.9432
25.36263736,27.4733,53.8503
16.94339623,27.5838,53.9356
14.33823529,27.4733,53.9286
31.29268293,27.5434,53.8709
20.94142259,27.5455,53.9271
24.50292398,27.6511,53.9282
15.48275862,27.4436,53.9087
11.34615385,27.4431,53.8567
18.68852459,27.6661,53.9524
17.72020725,27.466816,53.940882
16.05382569,27.6027,53.9419
20.88372093,27.6762,53.9554
14.95726496,27.4923,53.9193
25.08695652,27.550172,53.870883
26.8,27.5161,53.8862
13.2962963,27.7256,53.9418
33.09988942,27.529,53.9052
29.93333333,27.4892,53.911
9.058823529,27.6078,53.8555
14.63157895,27.4688,53.9003
26.81818182,27.5633,53.8904
16.64912281,27.6015,53.862
26.18367347,27.5844,53.9155
14.96666667,27.652112,53.935935
18.33333333,27.6268,53.8671
16.73913043,27.516727,53.908962
28.5,27.495,53.8778
26.48387097,27.4897,53.9128
41.66666667,27.555702,53.912574
36.0625,27.6048,53.923
19.95555556,27.488805,53.869504
9.37037037,27.5224,53.8967
8.173913043,27.4926,53.9053
11.62790698,23.8489,53.7102
15.15151515,28.2954,54.091
16.77852349,30.996,52.4398
11.4,27.713682,53.985488
11.93023256,23.8543,53.6462
11.65909091,23.8357,53.6498
14.5325779,27.6438,53.9577
11.52808989,27.673914,53.984974
15.54545455,27.6732,53.8742
15.54545455,27.6981,53.8418
13.5,27.6105,53.8758
17.05452128,27.620039,53.873344
15.54545455,27.7051,53.8445
11.76605505,27.6479,53.8366
16.03125,27.6305,53.8692
17.44897959,27.633,53.8722
14.25,27.5906,53.8843
13.86486486,27.5906,53.8843
15.54545455,27.592,53.8607
15.08823529,27.4748,53.8658
14.65714286,27.5179,53.8909
14.25,27.5179,53.8909
15.68327729,27.4606,53.8661
17.1,27.5998,53.904
14.25,27.6895,53.9513
15.68807339,27.6357,53.9421
14.25,27.6757,53.9493
14.25,27.6757,53.9493
14.65714286,27.604,53.9536
13.86486486,27.4385,53.904
10.46938776,31.024145,52.447165
16.03125,31.0127,52.4327
13.81632103,31.0069,52.4359
8.55,30.2067,55.1981
17.1,30.22919,55.195164
11.4,30.2343,55.196
13.5,30.2352,55.184
13.08673469,30.235,55.1912
11.4,30.232,55.196
11.4,30.234,55.1595
13.79032258,30.2621,55.1723
12.825,30.2113,55.1697
12.825,23.708023,52.092702
11.15217391,23.7059,52.0697
9.865384615,23.781127,52.101682
11.65909091,23.760305,52.09299
16.03125,23.802714,53.707883
12.825,23.8561,53.7082
14.65714286,30.3373,53.899
13.5,30.3572,53.8802
9.327272727,30.3284,53.8706
13,30.235,55.1912
16.33333333,27.684,53.8646
16.33333333,27.6126,53.8824
13.475,27.444,53.9249
13.475,27.4418,53.9166
17.38709677,30.2144,55.1811
13.14634146,30.2315,55.1972
15.40184822,31.0259,52.4508
14.47368421,30.2419,55.1709
12.53333333,27.7617,53.9632
13.42857143,27.4599,53.7966
16.58823529,27.611082,53.877757
13.89162562,27.5785,53.8391
14.1,27.4431,53.8601
13.17757009,27.4826,53.8443
16.11428571,27.5046,53.8503
17.03927492,27.5561,53.8844
14.84210526,27.5793,53.909
17.09090909,27.5998,53.904
17.09090909,27.6351,53.9388
12.53333333,30.2078,55.198
17.09090909,30.2367,55.1935
18.07692308,30.3305,53.8953
13.11111111,27.909263,53.878102
13.31828442,27.6796,53.9971
13.88235294,27.6562,53.8697
14.42542787,27.5633,53.8672
17.87878788,27.5367,53.8732
18.91025641,27.6731,53.9104
15.52631579,27.6524,53.8895
15.94594595,27.7131,53.9432
15.12820513,27.696315,53.951405
17.87878788,27.6837,53.942
19.03225806,27.5824,53.9265
17.87878788,27.622458,53.959773
17.87878788,27.436099,53.902138
13.11111111,27.4355,53.8805
17.87878788,27.452,53.8959
19.03225806,27.5538,53.9289
16,27.6795,54.0129
12,23.835736,53.649775
15.38461538,30.2425,55.1757
8.571428571,30.338004,53.897493
19.4516129,27.5409,53.9008
16.75,30.2031,55.1816
17.6,27.6889,53.8701
18.66666667,27.6729,53.8663
19.87096774,27.666,53.8673
15.64643129,27.4746,53.8533
16.64864865,27.4594,53.847255
14.66666667,27.4589,53.846
18.66666667,27.5916,53.8966
18.66666667,27.6958,53.942
18.66666667,27.581292,53.928409
15.02439024,27.4256,53.9161
18.66666667,27.4511,53.8961
16.33952255,27.4405,53.8814
19.55555556,27.5425,53.9288
19.25,30.3372,53.9093
15.725,27.6795,54.0109
21.76470588,27.6204,53.9304
16.63585952,27.6832,54.0122
18.25714286,27.4201,53.9096
16.025,27.6795,54.0129
16.86842105,27.6814,54.0109
18.85294118,27.678,54.0144
13.93478261,27.519,53.824
16.025,27.677979,54.014315
16.86842105,27.6806,53.8878
17.80555556,27.6105,53.8758
18.85294118,27.616042,53.876596
17.13903743,27.562208,53.849594
20.74433657,27.566,53.8835
16.025,27.5769,53.8365
16.86842105,27.5955,53.8864
16.025,27.5652,53.8454
21.43812709,27.5224,53.8967
18.85294118,27.4434,53.8544
18.31428571,27.511,53.8906
15.26190476,27.4345,53.8581
16.35204082,27.4743,53.8795
19.40072639,27.5486,53.8798
14.24444444,27.7027,53.9453
17.32432432,27.6685,53.948
17.32432432,27.6685,53.948
18.31428571,27.682,53.9359
20.67741935,27.6003,53.9362
11.93668529,27.6038,53.9554
14.40449438,27.5996,53.9326
16.86842105,27.6183,53.9538
20.03125,27.6163,53.9592
18.85294118,27.500638,53.90727
18.31428571,27.4795,53.9207
18.31428571,27.4795,53.9207
15.26190476,27.4177,53.9139
13.35416667,27.445,53.8783
19.42424242,27.4924,53.9164
15.63414634,27.4402,53.9165
16.86842105,27.4464,53.9086
16.86842105,27.4769,53.9068
15.63414634,27.4431,53.9059
19.34802294,27.503,53.925
15.08235294,27.4531,53.8947
18.31428571,27.5637,53.9292
15.26190476,27.5637,53.9292
17.32432432,27.5637,53.9292
16.86842105,27.5637,53.9292
16.86842105,27.5528,53.9319
21.36666667,27.5572,53.9258
19.42424242,27.536,53.9141
9.567164179,31.002217,52.417592
16.31043257,30.220393,55.20672
13.35416667,30.2352,55.184
14.24444444,23.7059,52.0697
21.36666667,30.326702,53.902215
17.80555556,30.322,53.8799
17.1957672,27.6533,53.8891
15.22248244,27.6984,53.9277
17.56756757,31.025,52.4494
15.50677254,27.6424,53.8703
16.26829268,27.6831,54.0108
16.26829268,27.6795,54.0129
15.51162791,27.6772,53.9539
15.43981481,27.4496,53.7991
18.02702703,27.6728,53.962
16.38820639,27.683287,54.007258
20.21212121,27.6034,53.8796
21.51612903,27.5247,53.8939
16.675,27.452,53.9235
16.675,27.4519,53.9222
15.15909091,27.4514,53.9229
18.02702703,27.4504,53.8972
20.33536585,27.4958,53.9149
18.07588076,27.5033,53.9308
10.30769231,23.843318,53.675706
16.19047619,27.4827,53.8735
13.8,31.018288,52.451095
14.14285714,27.6795,54.0129
17.325,27.4602,53.7964
16.2295082,27.430165,53.955612
17.325,27.319879,53.739258
21.72413793,27.6169,53.8746
14.90322581,27.6799,53.8752
17.325,27.5673,53.8376
22.42718447,27.5671,53.8836
17.325,27.5644,53.8631
15.06521739,27.5604,53.8466
23.1,27.6131,53.8875
17.325,27.581,53.8973
21,27.7188,53.9482
21.19266055,27.6904,53.9401
19.8,27.6866,53.9335
19.25,27.6966,53.9426
20.93655589,27.6049,53.96
24.23076923,27.5927,53.9087
15.75,27.443581,53.877627
18.23684211,27.4386,53.9292
15.4,27.4757,53.8955
20.38235294,27.4974,53.9184
17.325,27.4605,53.9208
17.325,30.2082,55.2039
21.21212121,27.583,53.9235
14,30.224,55.174
28.4,27.554,53.9018
15.88888889,27.4378,53.9173
19.14666667,27.6795,54.0129
18.89473684,27.6795,54.0129
10.55882353,27.6831,54.0108
17.51219512,27.6814,54.0132
19.14666667,27.6814,54.0132
17.95,27.6756,53.9577
21.82370821,27.6889,53.8712
20.51428571,27.697147,53.844676
20.51428571,27.613,53.8641
15.95555556,27.560223,53.846545
23.16129032,27.4753,53.87
21.75757576,27.4389,53.8613
21.75757576,27.4489,53.8502
17.13603819,27.5842,53.9078
16.31818182,27.7172,53.9509
16.69767442,27.7185,53.9445
22.4375,27.6272,53.9473
16.69767442,27.6349,53.9209
21.75757576,27.6063,53.9597
15.95555556,27.4548,53.919
14.36,27.4419,53.9041
17.95,27.421442,53.924245
17.95,27.4248,53.9267
15.95555556,27.443882,53.877608
16.69767442,27.426,53.9127
15.60869565,27.4587,53.9058
15.95555556,27.4259,53.8899
17.95,27.464,53.9189
21.75757576,27.4512,53.8951
17.30232558,27.671542,53.991253
23.25,27.6728,53.962
29.76,27.6725,53.9594
17.22222222,27.4463,53.8553
14.58823529,27.6741,53.9301
21.25714286,27.6123,53.9264
23.61904762,27.5902,53.9119
21.88235294,27.5927,53.9087
22.54545455,27.583563,53.920871
22.52497729,27.4903,53.9043
18.6,30.190732,55.19471
19.92105263,27.5391,53.903
19.175,27.6742,53.9624
15.97916667,27.464114,53.918035
23.24242424,27.537,53.9114
20.61827957,27.4962,53.9306
20.26315789,27.667446,53.95371
22.25433526,27.678,54.0144
20.81081081,27.6829,54.0134
20.58823529,27.6829,54.0134
20.26315789,27.6815,54.0119
30.43478261,27.665191,53.960428
17.90697674,27.6659,53.9623
19.25,27.53,53.8229
19.25,27.6684,53.9634
19.25,27.5216,53.822
17.90697674,27.674767,53.954648
16.38297872,28.747562,55.497577
18.33333333,27.6268,53.8671
17.11111111,27.6254,53.8591
17.90697674,27.567,53.862
20.26315789,27.5713,53.8616
19.74358974,27.6151,53.8583
21.38888889,27.5607,53.8438
21.50837989,27.5853,53.8659
17.11111111,27.4827,53.8735
16.38297872,27.5207,53.8882
17.99065421,27.4858,53.8674
23.33333333,27.4715,53.8692
25.24590164,27.5232,53.8953
17.11111111,27.4849,53.8456
23.33333333,27.5603,53.8793
25.66666667,27.5517,53.8687
18.2464455,27.5552,53.8701
24.83870968,27.50592,53.844186
24.51448583,27.5027,53.8406
22.44897959,27.5554,53.881
19.44444444,27.5463,53.8752
15.4,27.6041,53.9018
24.60063898,27.6239,53.9073
17.99065421,27.702873,53.945766
20.98092643,27.6537,53.9365
18.28978622,27.6921,53.9502
24.83870968,27.71,53.9448
15.90909091,27.5853,53.9391
24.0625,27.594681,53.933313
12.83333333,27.6163,53.9592
22.64705882,27.603297,53.959771
27.5,27.5927,53.9087
28.20512821,27.573588,53.920846
23.19277108,27.500668,53.907279
18.33333333,27.4745,53.9126
20.31662269,27.4191,53.9105
16.04166667,27.445,53.8783
23.05389222,27.4934,53.9099
19.39546599,27.4587,53.9058
22.84866469,27.4963,53.895
20.05208333,27.4953,53.9037
23.54740061,27.4954,53.8959
16.73913043,27.516727,53.908962
17.11111111,27.4614,53.9057
24.0625,27.5509,53.9285
20.92391304,27.4942,53.9308
17.5,30.2259,55.1938
20.81081081,30.2795,55.1699
18.33333333,30.2014,55.1663
16.27906977,30.224,55.174
17.6201373,23.693325,52.089345
16.52360515,23.704,52.0962
17.11111111,23.7036,52.0965
26.5,27.495,53.8778
23.38235294,27.5752,53.927
16.5625,27.502012,53.902119
23.38235294,27.418149,53.91659
16.7721519,27.4489,53.9161
19.875,27.4273,53.9082
22.71428571,27.4995,53.9089
20.18190757,27.5367,53.9053
19.18224299,27.4525,53.8459
21.60526316,27.5529,53.8701
16.99792961,27.5488,53.8852
24.14705882,27.6263,53.9111
21.83510638,27.6076,53.9247
24.14705882,27.6521,53.9359
39.0952381,27.5767,53.9277
25.33950617,27.6101,53.9583
26.91803279,27.5869,53.9123
17.10416667,27.5958,53.9407
26.46679562,27.5818,53.9223
21.77718833,27.456625,53.878343
20.22167488,27.4351,53.9218
17.03319502,27.4512,53.9183
20.02439024,27.4271,53.9019
20.525,27.428436,53.908265
22.43169399,27.4285,53.9081
26.48387097,27.4897,53.9128
17.50533049,27.4645,53.9182
22.18918919,27.534,53.9135
25.25741975,27.5654,53.9195
27.05128205,27.569,53.9221
25.82317073,27.4663,53.8673
20.65853659,27.5235,53.8895
30.91240876,27.5535,53.8709
18.0212766,27.6544,53.9276
25.51204819,27.6866,53.9335
23.65921788,27.598,53.9277
24.2,27.6805,53.9405
18.21505376,27.5929,53.9375
23.7254902,27.5745,53.9202
19.97641509,27.4562,53.8793
20.16666667,27.4389,53.9285
20.70904645,27.4308,53.906
19.38215103,27.4285,53.9081
23.52777778,27.4254,53.8983
20.02364066,27.5291,53.9121
22.28947368,27.542187,53.909481
17.64583333,27.5308,53.9109
20.07109005,27.5415,53.9297
18.41304348,27.464,53.942
19.74358974,27.4898,53.9331
25.0591716,27.5543,53.9204
28.528728,27.5918,53.8972
19.37777778,27.6532,53.9329
28.59016393,27.6164,53.9288
19.37777778,27.6966,53.9261
20.56603774,27.6984,53.9277
26.31261316,27.582,53.9247
21.8,27.605,53.9452
27.25,27.4977,53.9091
20.34090909,27.4754,53.847
28.96440129,27.5703,53.9254
22.17283951,27.6829,54.0134
29.34640523,27.6646,53.9593
21.90243902,27.6661,53.9524
23.32467532,27.6741,53.9542
26.41176471,27.672755,53.961985
17.26923077,27.429392,53.953895
17.96,23.8025,53.6749
26.02898551,27.6662,53.8649
20.73903002,27.5796,53.8745
29.14638105,27.573,53.8731
28.23899371,27.5676,53.8785
20.50228311,27.5695,53.8787
23.02564103,27.4754,53.8743
19.22912206,27.5084,53.8819
23.4464752,27.5235,53.8895
19.52173913,27.476258,53.846797
19.56427015,27.5196,53.8892
26.25730994,27.5434,53.898
19.95555556,27.488805,53.869504
28.23899371,27.5393,53.9042
20.88372093,27.4845,53.854
23.02564103,27.5555,53.8711
23.63157895,27.5519,53.8828
19.52173913,27.6762,53.9143
20.17977528,27.6343,53.9102
19.43722944,27.7089,53.9424
21.17924528,27.7035,53.9461
19.95555556,27.7035,53.9461
26.80597015,27.6073,53.924
20,27.6887,53.9452
19.95555556,27.6887,53.9452
21.69082126,27.6887,53.9452
21.12941176,27.6887,53.9452
20.17977528,27.6887,53.9452
24.27027027,27.650828,53.935055
28.87459807,27.6017,53.9219
20.98130841,27.7075,53.9468
23.63157895,27.6805,53.9405
17.96,27.593128,53.937393
17.13740458,27.5853,53.9391
25.65714286,27.5836,53.9124
25.73065903,27.5961,53.9286
18.06841046,27.6085,53.9522
28.0625,27.5769,53.9146
25.01392758,27.5627,53.9181
19.86725664,27.5925,53.9103
15.48275862,27.5925,53.9103
28.96774194,27.584316,53.909816
20.59633028,27.5059,53.9017
25.65714286,27.462,53.9031
22.61964736,27.4604,53.8753
21.12941176,27.4463,53.8777
22.00980392,27.4298,53.8996
19.86725664,27.477857,53.899721
29.93333333,27.4892,53.911
19.77973568,27.5167,53.91
21.12941176,27.4624,53.8961
24.27027027,27.5342,53.9113
20.64367816,27.4739,53.933
25.15406162,27.4593,53.9357
26.41176471,27.5642,53.9107
23.5078534,27.5325,53.9126
20.88372093,27.534388,53.913555
19.95555556,27.4657,53.9413
22.1182266,27.5261,53.9124
22.00980392,27.5504,53.93
21.84914842,27.5249,53.9135
19.95555556,23.6931,52.0892
24.31578947,27.6675,53.9592
21.14416476,27.5207,53.8882
22.87128713,27.475,53.8441
16.70886076,27.4754,53.847
24.37994723,27.4808,53.8503
22,27.6057,53.9277
27.8313253,27.5654,53.9195
19.57627119,27.4808,53.9049
22.64705882,27.4614,53.9057
37.21568627,27.6649,53.9612
24.97368421,27.6728,53.962
21.61731207,27.5196,53.8892
25.03957784,27.4808,53.8503
19.97894737,27.5451,53.8776
26.59008126,27.5805,53.9089
14.78193146,27.6074,53.9268
21.96759259,27.6552,53.9316
20.02109705,27.5971,53.9424
28.75757576,27.5908,53.9239
28.8449848,27.5908,53.9239
22.1728972,27.428,53.9153
21.66666667,27.4308,53.906
28.67069486,27.4408,53.9074
25.57951482,27.4597,53.9053
28.75757576,27.4995,53.9089
22.92270531,27.4581,53.9053
26.21546961,27.5328,53.911
22.1728972,27.4715,53.9329
29.87094743,27.5403,53.9057
25,27.5406,53.9086
21.33479212,27.4764,53.8503
29.45619335,27.5434,53.898
31.8627451,27.5883,53.9002
18.05555556,27.68808,53.946843
17.10526316,27.584699,53.937409
23.21428571,27.478821,53.907054
25.390625,27.5539,53.9145
29.54545455,23.844468,53.685561
26.45502646,27.4808,53.8503
23.1712963,27.569,53.8835
22.49438202,27.5161,53.8862
27.20108696,27.4882,53.8698
28.35694051,27.5555,53.8711
28.76436782,27.5842,53.9078
21.29787234,27.6551,53.9335
23.83333333,27.4585,53.9175
28.6,27.498129,53.909189
20.18145161,27.5167,53.91
29.92526158,27.537,53.9114
27.80555556,27.5365,53.9084
23.83333333,23.704,52.0962
21.33333333,27.473892,53.850257
21.78723404,27.4868,53.8703
21.78723404,27.55,53.885
22.75555556,27.6378,53.9182
27.67567568,27.655047,53.932503
29.25714286,27.569014,53.926281
25.6,27.582522,53.914365
26.80628272,27.4758,53.9336
25.6,27.5415,53.9297
29.23076923,27.6675,53.9592
24.42857143,27.6659,53.9623
33.09677419,28.6596,55.5272
28.5,27.669243,53.977689
24.37054632,27.6772,53.9539
22.30434783,27.6762,53.9554
23.37129841,27.6762,53.9554
29.73913043,27.6662,53.8649
28.03278689,27.6095,53.835
22.54945055,27.5543,53.8949
28.7394958,27.5698,53.8635
21.82978723,27.4759,53.8481
24.25531915,27.4748,53.8464
26.24040921,27.4866,53.8664
21.82978723,27.5196,53.8892
23.69515012,27.5199,53.8809
25.65,27.5555,53.8711
23.31818182,27.5589,53.8788
37.30909091,27.5535,53.8709
34.77966102,27.5535,53.8709
24.14117647,27.5252,53.85
32.88461538,27.5851,53.897
21.78343949,27.5844,53.8947
23.31818182,27.686377,53.948019
28.03278689,27.6815,53.9498
23.97196262,27.6264,53.922
23.31818182,27.6512,53.9309
23.0044843,27.6509,53.9322
23.21266968,27.6887,53.9452
30.44510386,27.6873,53.9439
23.42465753,27.6115,53.9273
26.85863874,27.6552,53.9316
23.53211009,27.6551,53.9304
22.06451613,27.5929,53.9375
23.10810811,27.5971,53.9424
28.5,27.5946,53.9392
21.46443515,27.5853,53.9391
23.86046512,27.5947,53.9349
33.42019544,27.5897,53.9137
29.31428571,27.5869,53.9123
29.73913043,27.5739,53.9222
31.09090909,27.5736,53.9263
33.25769854,27.6182,53.9532
24.48687351,27.6024,53.9458
27.88043478,27.5835,53.93
30.99697885,27.452,53.9088
19.03525046,27.4322,53.905
24.42857143,27.4523,53.9184
25.58603491,27.4574,53.8971
24.37054632,27.4369,53.9055
28.7394958,27.4464,53.9057
25.65,27.495622,53.904527
20.85365854,27.4484,53.8757
34.2,27.490187,53.911228
21.24223602,27.5167,53.91
20.07827789,27.5167,53.91
23.86046512,27.5273,53.9119
30.82006609,27.537,53.9114
19,27.4739,53.933
26.58031088,27.5642,53.9107
26.58031088,27.5642,53.9107
22.95302013,27.4758,53.9336
21.6,27.4741,53.9338
32.57142857,27.5563,53.8999
27,27.545785,53.9075
22.8,27.5466,53.9084
24.72289157,27.5498,53.9558
24.7826087,27.551,53.9064
23.31818182,27.4685,53.9393
21.73728814,27.4657,53.9413
27.72972973,27.551,53.9064
21.375,27.477219,53.936736
40.23529412,27.5481,53.9053
24.42857143,27.4619,53.9366
28.90140845,27.5539,53.9145
22.90178571,27.5249,53.9135
25.65,23.705391,52.093566
27.9787234,27.4758,53.9336
28.74666667,27.6659,53.9587
25.5450237,27.5194,53.8869
25.30516432,27.5476,53.8839
25.30516432,27.5476,53.8839
23.95555556,27.6531,53.929494
23.95555556,27.6531,53.9295
22,27.4322,53.905
21.69014085,27.5167,53.91
23.13304721,27.5167,53.91
28.1462141,27.4758,53.933
24.2247191,27.4758,53.933
28.1462141,27.4758,53.933
26.55172414,27.5254,53.913
23.97826087,27.5152,53.8853
35.58064516,27.558,53.8836
26.90243902,27.5434,53.8709
19.90974729,27.6026,53.9177
27.36972705,27.584,53.9107
28.42783505,27.506,53.9106
26.83698297,27.5717,53.9116
30.13661202,27.4757,53.9342
22.97916667,27.4731,53.9345
24.51111111,27.5285,53.9203
26.26190476,27.5261,53.9124
25.65909091,27.610663,53.927427
26.25581395,27.5888,53.9256
29.66580977,27.664733,53.954224
29.2893401,27.6663,53.9614
28.85,27.666089,53.953318
24.04166667,23.8526,53.6733
30.61007958,27.5578,53.8996
32.69121813,27.5673,53.8743
23.08,27.5625,53.8454
21.9391635,27.4852,53.8729
27.54176611,27.4792,53.8561
31.44414169,27.5161,53.8861
24.55319149,27.5196,53.8892
26.8372093,27.4856,53.8655
27.47619048,27.4759,53.8481
25.36263736,27.4733,53.8503
26.65127021,27.5194,53.8869
23.74485597,27.5084,53.8819
39.50701814,27.5433,53.9024
28.00970874,27.4832,53.8536
25.81655481,27.5152,53.8853
27.74038462,27.5529,53.8701
26.34703196,27.5488,53.8852
29.97402597,27.6873,53.9475
27.47619048,27.6126,53.9356
28.63523573,27.6553,53.9345
24.55319149,27.6553,53.9345
25.64444444,27.6551,53.9335
25.25164114,27.6519,53.9316
29.58974359,27.6553,53.9345
31.35869565,27.6513,53.9355
36.0625,27.6048,53.923
27.02576112,27.6034,53.9181
25.70155902,27.6549,53.9327
25.58758315,27.5926,53.9383
27.15294118,27.5913,53.9369
20.98181818,27.5864,53.9388
26.34703196,27.4609,53.9172
27.08920188,27.4313,53.9285
29.81912145,27.4587,53.9058
25.19650655,27.5167,53.91
25.03253796,27.5168,53.9089
29.36386768,27.5167,53.91
28.28431373,27.4614,53.9057
40.63380282,27.5551,53.9024
39.98613999,27.5529,53.901
26.8372093,27.4757,53.9342
31.18918919,27.4758,53.933
31.53005464,27.4757,53.9342
24.14225941,27.4731,53.9345
24.7639485,27.4741,53.9338
24.19287212,27.4778,53.9346
25.75892857,27.4778,53.9346
27.74038462,27.4733,53.9379
25.70155902,27.4657,53.9413
31.966759,27.464,53.942
29.66580977,27.464,53.942
40.34965035,27.4614,53.9428
23.08,27.4898,53.9331
26.10859729,27.461,53.9418
28.42364532,27.5261,53.9124
28.21515892,27.5504,53.93
30.56994819,27.5529,53.8965
27.63466042,27.6552,53.9308
31.21693122,27.4351,53.9218
26.87927107,27.4431,53.9059
26.8,27.5161,53.8862
31.32467532,27.6873,53.9475
30.92307692,27.624012,53.921785
28.04651163,27.6551,53.9312
26.91964286,27.6549,53.9327
29.92555831,27.5168,53.9089
27.02882483,27.4888,53.8712
28.54800937,27.5438,53.8774
25.23809524,27.4758,53.9336
39.79954737,27.5513,53.8992
33.63387978,27.6549,53.929
33.54223433,27.605,53.9452
30.32019704,27.520922,53.909344
38.34890966,27.4614,53.9428
43.04195804,27.4614,53.9428
29.50704225,27.6264,53.922
26.91648822,27.6512,53.9309
37.74774775,27.5702,53.9228
26.1875,27.5193,53.9108
28.1838565,27.4758,53.933
25.97107438,27.4772,53.9368
33.68421053,27.5536,53.8963
26.66666667,27.5273,53.9119
33.68421053,27.564095,53.905695
30.47619048,27.551,53.9308
30.54761905,27.6659,53.9623
38.23003576,27.5603,53.9002
30.62052506,27.5602,53.8906
28.57461024,27.5084,53.8819
41.38709677,27.5433,53.9024
43.18411309,27.5433,53.9024
41.90071848,27.5289,53.8948
20.39745628,27.6224,53.9334
28.70246085,27.6224,53.9334
29.97663551,27.6264,53.922
30.6937799,27.6264,53.922
35.5401662,27.6547,53.9284
27.4732334,27.6512,53.9309
29.4266055,27.6531,53.9295
35.5401662,27.6547,53.9284
32.31738035,27.6553,53.9345
18.89543446,27.6509,53.9322
29.15909091,27.6512,53.9309
27.29787234,27.6532,53.9329
29.02714932,27.6512,53.9316
28.07439825,27.6512,53.9316
30.6937799,27.6551,53.9312
29.8372093,27.6551,53.9312
33.76315789,27.654946,53.930222
32.075,27.655,53.93
32.56345178,27.6551,53.9312
32.48101266,27.654939,53.931504
30.6937799,27.6551,53.9312
26.72916667,27.5971,53.9424
35.63888889,27.569578,53.922882
38.87878788,27.5702,53.9228
25.66,27.569417,53.919526
25.66,27.607944,53.950518
28.51111111,27.5813,53.9432
35.40286976,27.5822,53.9142
34.39678284,27.4191,53.9105
25.35573123,27.4274,53.9097
29.8372093,27.5273,53.9119
30.76738609,27.5273,53.9119
30.76738609,27.5273,53.9119
29.76798144,27.4677,53.9378
29.63048499,27.4696,53.9365
28.83146067,27.4758,53.9336
30.86360356,27.559,53.9011
29.90675991,27.534388,53.913555
34.58221024,27.551,53.9064
25.66,27.5402,53.9119
35.5401662,27.464,53.942
44.86013986,27.4614,53.9428
31.21654501,27.5495,53.93
27.29787234,30.2259,55.1938
28.93478261,27.4772,53.9368
35.78947368,27.655,53.93
31.19266055,27.5913,53.9369
37.84153005,27.6509,53.9322
32.06818182,27.5161,53.8862
32.81395349,27.5451,53.8776
32.73781903,27.6264,53.922
35.36340852,27.6553,53.9345
31.99546485,27.6541,53.9315
31.56599553,27.6539,53.9302
31.49553571,27.6539,53.9302
33.5952381,27.5882,53.9253
33.5952381,27.5882,53.9253
35.81218274,27.5888,53.9256
30.08528785,27.5957,53.9361
28.62068966,27.5206,53.9085
32.06818182,27.5167,53.91
37.32804233,27.5521,53.9
34.16464891,27.5273,53.9119
29.95753715,27.4642,53.9394
31.01098901,27.4758,53.9336
33.67541766,27.4657,53.9413
33.67541766,27.4657,53.9413
35.54156171,27.4674,53.9399
31.77927928,27.461,53.9418
29.15289256,27.5261,53.9124
35.42857143,27.6264,53.922
41.66666667,27.555702,53.912574
35.29137529,27.5261,53.9124
34.15555556,27.5167,53.91
33.45652174,27.6616,53.9623
36.29716981,27.552,53.8975
28.5,27.5158,53.8839
22.83382789,27.6509,53.9322
36.99519231,27.6553,53.9345
23.46036585,27.654,53.9309
31.02822581,27.5206,53.9085
35.29816514,27.5167,53.91
36.46919431,27.464,53.942
54.76868327,27.4614,53.9428
39.06091371,27.464,53.942
37.62836186,27.4733,53.9379
47.65714286,27.6073,53.924
27.07792208,27.6552,53.9308
27.07792208,27.6552,53.9308
40.3874092,27.5273,53.9119
47.65714286,27.461851,53.942838
40.14423077,27.6553,53.9345
37.28850325,27.5521,53.9
44.9,27.5161,53.8862
41.38248848,27.6502,53.9314
39.91111111,27.651887,53.930938
39.91111111,27.6031,53.9185
39.91111111,27.6551,53.9312
54.42424242,27.5848,53.9096
39.04347826,27.58492,53.914953
53.6119403,27.557,53.9016
38.21276596,27.5402,53.9119
38.95878525,27.4772,53.9368
53.2433835,27.5743,53.9064
44.60869565,27.6552,53.9316
58.62857143,27.5845,53.9122
48.97374702,27.464,53.942
53.19512195,27.565649,53.922557
45.98566308,27.6034,53.9181
1283,27.571874,53.911322
57.00740741,27.5671,53.9199
9.615384615,23.840273,53.651814
12.82051282,30.9773,52.4078
6.666666667,31.0003,52.4354
10.20408163,30.2216,55.1852
10.20408163,30.204657,55.165549
10.20408163,23.7326,52.0598
10.26,28.3062,54.0953
11.15217391,30.9791,52.4104
10.26,28.4968,52.1282
8.55,23.824157,53.670937
10.26,23.7998,53.6623
12.01405152,23.81582,53.668435
8.015625,23.8425,53.6521
10.23952096,23.847,53.6504
8.844827586,23.8487,53.6744
8.844827586,23.8487,53.6744
10.55555556,28.5028,54.2588
8.142857143,27.87,54.0082
11.4,23.852606,53.683946
10.20286396,30.9661,52.4083
8.521594684,23.8015,53.6751
9.327272727,26.395081,54.479523
10.23952096,26.3959,54.4803
9.5,30.9748,52.4174
9.865384615,23.865937,53.642949
10.6875,27.7022,53.8409
10.6875,27.6192,53.8383
10.46938776,27.6091,53.8641
10.26,27.5023,53.888
11.93023256,27.5109,53.8896
12.825,27.501752,53.841078
11.58013544,27.6036,53.9007
10.05882353,27.6511,53.9282
11.4,30.9917,52.4417
10.91489362,31.038653,52.464259
8.55,30.2062,55.1834
11.15217391,30.2403,55.179
10.26,30.24518,55.190858
9.327272727,30.2399,55.2021
7.328571429,30.2037,55.2035
12.51219512,30.2374,55.1735
9.5,30.220177,55.169621
7.489051095,30.2086,55.1716
8.521594684,30.2199,55.151
9.865384615,23.696,52.0969
7.892307692,23.7299,52.0608
12.825,23.752,52.1006
7.892307692,23.8408,53.7096
11.76605505,23.8354,53.6757
10.05882353,30.3532,53.9144
9.5,30.3625,53.9552
171,30.340051,53.901255
9.865384615,30.374618,53.878882
8.844827586,30.3098,53.8755
12.52380952,30.334885,53.909508
10,23.84913,53.657036
10.36538462,27.6978,53.8444
10.36538462,27.481647,53.866131
8.044776119,30.3644,53.8766
10.18518519,23.841,53.6999
11.62105263,30.9972,52.452
14.1,27.6721,53.9932
10.2173913,27.3236,53.7488
10.84615385,26.3849,54.4825
11.28,27.6662,53.8649
14.69898358,27.6118,53.8579
11.12426036,27.6014,53.8537
12.73137698,27.602,53.8859
13.42857143,27.5654,53.9361
10.84615385,30.9999,52.4324
10.84615385,30.212054,55.183568
9.562563581,30.2251,55.1931
9.4,30.267,55.1674
9.067524116,30.234,55.1595
11.28,30.207823,55.176497
8.417910448,30.3356,53.9109
9.616666667,23.8706,53.6446
9.666666667,23.765012,52.100553
11.41199226,28.477878,54.20173
11.8,23.8452,53.6768
11.8,27.636,53.846
12.55319149,27.7025,53.8448
9.833333333,27.584815,53.846905
11.34615385,27.4431,53.8567
11.8,27.4324,53.8603
12.82608696,27.531,53.8754
12.04081633,27.6216,53.9492
14.04761905,27.6174,53.9311
12.04081633,27.4887,53.904
10.72727273,27.4468,53.9082
9.833333333,27.4372,53.8807
14.75,31.007697,52.453328
13.40909091,30.993927,52.430856
12.29166667,31.003627,52.424407
10.35087719,30.227547,55.179005
12.55319149,30.2234,55.1727
10.12006861,23.8409,53.7022
9.230769231,30.19,55.181
15.075,23.798,53.7075
13.68888889,27.6357,53.8479
9.625,27.5692,53.8847
14.66666667,27.6818,53.9339
12.32,27.4836,53.9012
12.32,27.4243,53.8856
14,23.8214,53.6965
10.70116861,27.67,53.9916
14.24444444,27.788925,53.941477
10.68333333,30.9576,52.3942
11.65454545,23.842321,53.643189
11.87037037,28.297776,54.098647
16.10552764,28.3136,54.094
11.05172414,27.6028,53.7798
10.015625,27.6834,53.9983
13.93478261,23.852786,53.676671
13.10838446,27.5373,52.7929
14.24444444,27.616673,53.835329
15.26190476,27.623,53.8386
13.63829787,27.6321,53.8677
11.87037037,27.6535,53.872
14.24444444,27.6545,53.8742
14.24444444,27.5638,53.8717
11.44642857,27.6065,53.8591
13.93478261,27.4739,53.8674
11.44642857,27.5433,53.9024
13.35416667,27.5159,53.8892
11.87037037,27.4814,53.8685
13.35416667,27.5457,53.8494
13.72591006,27.5017,53.8498
11.87037037,27.4983,53.8404
14.56818182,27.534,53.8767
13.93478261,27.5367,53.8751
15.98503741,27.5916,53.8966
12.82,27.5916,53.8966
13.35416667,27.6092,53.8795
13.35416667,27.6073,53.8858
13.35416667,27.6394,53.9438
16.60621762,27.6319,53.947
12.82,27.6364,53.942
15.26190476,27.6484,53.9355
11.44642857,27.6354,53.9405
14.24444444,27.6354,53.9405
13.35416667,27.6354,53.9405
14.24444444,27.6354,53.9405
15.26190476,27.6151,53.9519
10.68333333,27.603356,53.953556
11.87037037,27.6107,53.959
14.30803571,27.5057,53.9003
14.24444444,27.5145,53.9117
9.426470588,27.4273,53.9304
12.32692308,27.4726,53.9276
10.33870968,27.4243,53.8856
16.86842105,27.5555,53.9238
13.93478261,30.996,52.4398
13.35416667,31.030515,52.446974
11.44642857,31.0235,52.4534
17.32432432,31.0071,52.4388
10.42276423,30.190732,55.19471
9.567164179,30.226396,55.185574
9.712121212,30.2352,55.184
17.32432432,30.2345,55.1924
11.65454545,30.1734,55.1792
10.68333333,23.67271,52.106163
11.65454545,23.6915,52.0996
11.65454545,23.7622,52.0919
9.157142857,23.7214,52.0755
10.68333333,30.342422,53.908113
11.65454545,30.3462,53.9094
9.558823529,29.2617,52.0345
15.18691589,27.6424,53.8703
13.71069182,27.616035,53.87513
14.82222222,28.5164,54.2232
13.34,27.5674,53.8811
19.61764706,27.5013,53.8776
13.34,27.4389,53.8613
13.89583333,27.6263,53.9111
14.82222222,27.576975,53.919467
12.35185185,27.4501,53.9002
14.595186,27.5057,53.8982
12.35185185,27.5599,53.9266
11.52542373,23.851151,53.640776
17.25,27.5656,53.8795
12.375,27.6819,53.9979
13.0754717,27.4038,53.8436
14.14285714,27.6178,53.8732
10.66153846,27.6502,53.8364
14.4375,27.6082,53.861
13.86,27.593578,53.856985
13.32692308,27.4389,53.8613
13.32692308,27.4409,53.863
13.27586207,27.4523,53.8476
14.4375,27.5539,53.8837
17.325,27.4937,53.8451
15.06521739,27.6005,53.8988
16.5,27.5874,53.8999
12.375,27.5874,53.8999
17.325,27.5874,53.8999
15.46529792,27.5954,53.9269
15.64334086,27.7082,53.9442
13.58823529,27.697,53.9489
15.78587699,27.5928,53.9117
13.58823529,27.4484,53.9131
13.86,27.4881,53.9021
16.11627907,27.5008,53.8991
12.71559633,30.1915,55.1946
12.15789474,30.2232,55.1675
10.19117647,30.3393,53.9039
12.83333333,30.330609,53.909307
11.66666667,27.5206,53.8237
14.95726496,27.4923,53.9193
12.28070175,30.2115,55.1924
10.86153846,27.7839,53.9519
14.12,27.479,53.9201
11.28930818,27.713682,53.985488
11.96666667,27.6692,53.8823
23.54098361,27.6126,53.8768
11.96666667,27.482013,53.873823
11.21875,27.4934,53.8787
14.15894301,27.4636,53.8619
13.52165725,27.4659,53.8521
14.65306122,27.4814,53.8685
17.21822542,27.621,53.933
13.2962963,27.7256,53.9418
12.82142857,27.6929,53.9489
16.20767494,27.697,53.9489
14.65306122,27.680297,53.939372
12.59649123,27.5693,53.9224
13.37057728,27.6038,53.9554
13.82364266,27.6026,53.9498
11.84818482,27.425494,53.904082
13.80769231,27.4231,53.8892
12.82142857,27.4626,53.9018
13.54716981,27.4474,53.8944
13.05454545,27.4517,53.9019
9.835616438,30.2465,53.9328
8.975,30.3317,53.9176
13.52727273,27.431416,53.944605
10.94117647,27.4544,53.7944
13.52727273,30.911,52.4066
14.88,27.6503,53.9365
14.03773585,27.6895,53.9347
14.88,27.6867,53.9416
15.37190083,27.4827,53.897
16.83257919,27.4757,53.9229
13.28571429,27.4981,53.9034
17.30232558,27.5556,53.928
12.88659794,27.4495,53.9139
17.77251185,27.4755,53.91
16.10638298,27.634038,53.953392
13.94545455,27.4393,53.852
18.26190476,27.6119,53.9326
17.04444444,27.6447,53.9339
16.31914894,27.435492,53.882858
11.66666667,27.6731,53.9868
12.22222222,27.6773,54.01
13.75,27.3208,53.745
15.4,27.763766,53.965881
14.33891993,27.6684,53.9634
13.75,27.6684,53.9619
15.71428571,27.999194,52.802377
13.48511384,28.2899,54.1001
14.80769231,28.5224,54.2221
14,28.472,54.2045
11.84615385,27.5217,53.8231
16.38297872,27.6175,53.8724
15.4,27.6141,53.8762
15.4,27.6119,53.8675
15.40924555,27.5922,53.8845
15.6504065,27.462,53.85
9.697732997,27.4719,53.8497
18.33333333,27.520277,53.895179
11.79173047,27.4512,53.8481
16.73913043,27.5382,53.8733
15.09803922,27.5183,53.8503
12.89782245,27.5839,53.9053
22.44897959,27.6266,53.9481
15.09803922,27.6143,53.9294
17.11111111,27.6143,53.9294
13.27586207,27.6521,53.9359
14.80769231,27.6447,53.9339
16.38297872,27.6484,53.9355
16.38297872,27.6929,53.9489
12.83333333,27.5756,53.9277
19.05940594,27.5983,53.9317
16.21052632,27.5945,53.932
17.11111111,27.5759,53.9179
15.09803922,27.56175,53.920233
15.77868852,27.4828,53.8981
12.83333333,27.4495,53.9139
16.04166667,27.4876,53.9013
13.0952381,27.432057,53.929532
17.19517642,27.5014,53.9123
15.4,27.4485,53.9094
17.5,27.4976,53.9116
13.27586207,27.4248,53.8968
14.80769231,27.4363,53.8855
14.80769231,27.4289,53.8822
14,27.4517,53.9019
16.04166667,27.5637,53.9292
16.73913043,27.551653,53.928524
17.30337079,27.5644,53.9297
14.25925926,27.4937,53.9321
15.09803922,31.0026,52.4241
12.83333333,31.0173,52.4583
11.32352941,30.9917,52.4542
17.5,31.011,52.4255
11.84615385,30.2434,55.192
14,30.20781,55.20132
10.69444444,23.691,52.0938
12.43941842,23.691,52.0938
12.39935588,23.8066,53.6898
16.73913043,30.316551,53.893779
11,30.3332,53.9071
18.37209302,27.655855,53.868519
13.94736842,27.7035,53.9461
16.2244898,27.637297,53.952582
12.82258065,27.6806,53.9371
11.86567164,27.4447,53.8748
19.875,30.9962,52.4289
11.86567164,30.3438,53.9066
16.09657948,26.3741,54.5085
14.03508772,31.030595,52.457241
11.91176471,27.6684,53.9619
16.00389864,27.6234,53.8394
20.525,27.613385,53.876491
14.40350877,27.568838,53.841264
16.42,27.462,53.85
16.85831622,27.532,53.8475
16.42,27.557334,53.877876
13.68333333,27.7035,53.9461
19.09302326,27.6358,53.9458
17.46808511,27.6345,53.9214
14.15517241,27.7065,53.9452
16.09803922,27.6305,53.9551
15.49056604,27.696229,53.951278
18.61678005,27.5038,53.9013
14.66071429,27.4761,53.9075
16.28968254,27.4962,53.8989
16.65314402,27.500951,53.923018
14,27.4242,53.8872
17.92576419,27.5539,53.9317
14.50530035,27.5328,53.9096
12.07352941,30.992569,52.453279
16.95918367,27.4776,53.9225
21.71794872,27.6818,53.8662
22.28947368,27.6033,53.8707
17.04911433,27.4711,53.8643
20.81081081,27.5124,53.8935
12.1,27.4806,53.856
14.9382716,27.6032,53.8996
13.03076923,27.6074,53.9387
19.29384966,27.6345,53.9457
13.63929147,27.5853,53.9391
17.28571429,27.4591,53.9037
13.8852459,27.4442,53.8785
14.11666667,27.4855,53.914
14.11666667,27.4257,53.9056
17,27.5666,53.8689
16.20754717,27.4522,53.9017
13.23216995,27.6755,53.9882
19.81818182,27.6424,53.8703
12.82352941,27.6325,53.8645
14.95711835,27.4856,53.8466
13.625,27.6439,53.9332
17.51004016,27.5745,53.9282
13.01492537,27.4435,53.9225
15.03448276,27.434108,53.904128
15.85454545,27.549425,53.924282
17.18446602,27.6696,53.946
13.81538462,27.6772,53.9852
15.48275862,27.677346,53.987736
16.32727273,28.493097,54.219553
17.26923077,27.6438,53.9577
15.48275862,27.5217,53.8231
13.81538462,27.6702,53.9604
16.94339623,27.6234,53.8748
16.32727273,27.6282,53.8572
17.26923077,27.5677,53.8717
17.71203156,27.5826,53.8386
14.48387097,27.5921,53.8396
16.62962963,27.569072,53.87014
20.88372093,27.5737,53.8619
17.78217822,27.5931,53.8644
15.56325823,27.6013,53.8631
16.26811594,27.5857,53.8348
17.0398482,27.5937,53.873
15.6173913,27.6115,53.857
17.96,27.5932,53.8577
14.64926591,27.4419,53.8534
17.78217822,27.4568,53.8619
15.59027778,27.4771,53.844
19.18803419,27.4436,53.8496
16.41681901,27.5589,53.8788
16.62962963,27.5544,53.8779
20.69124424,27.6158,53.8885
12.42047026,27.5881,53.8975
20.13904463,27.5813,53.8964
22.16189536,27.6077,53.9339
15.56325823,27.6733,53.9466
19.10638298,27.598747,53.904714
13.38301043,27.6271,53.9189
20.98130841,27.6551,53.9335
14.96666667,27.652112,53.935935
20.54919908,27.605265,53.921503
19.27038627,27.6928,53.945
17.96,27.6891,53.9426
19.18803419,27.6125,53.9293
16.50735294,27.5869,53.9097
20.54919908,27.5871,53.9201
17.60784314,27.579523,53.924043
19.52173913,27.6237,53.9599
17.67716535,27.620609,53.957592
15.04187605,27.582,53.9135
14.48387097,27.569,53.9215
16.32727273,27.5826,53.9238
18.8615837,27.5828,53.9245
15.53633218,27.5066,53.9009
17.64243615,27.438385,53.904045
18.03212851,27.4449,53.9044
19.52173913,27.4733,53.9165
17.96,27.4809,53.9221
12.30136986,27.4489,53.9161
16.03571429,27.4453,53.9119
19.10638298,27.4738,53.9292
19.06581741,27.4696,53.9286
22.00980392,27.4585,53.9175
18.3828045,27.4848,53.901294
19.35344828,27.4799,53.9234
19.95555556,27.500996,53.916787
16.78504673,27.4986,53.9214
18.10483871,27.4965,53.8963
18.70833333,27.4898,53.9137
17.60784314,27.4221,53.8893
17.99599198,27.4205,53.8867
21.38095238,27.458229,53.896065
19.95555556,27.5628,53.937
16.62962963,27.551,53.9048
21.03044496,27.557205,53.92582
17.67716535,27.5322,53.9176
17.96,30.2084,55.1904
14.96666667,23.706334,52.085575
12.47222222,23.779195,53.652489
14.75409836,30.2165,55.1948
16.56363636,27.4329,53.9034
14.01538462,30.334463,53.90231
14.37013997,27.6829,54.0134
19.74358974,27.678923,54.006022
15.4,27.672764,53.962043
16.95412844,27.5674,53.8467
15.4,27.4908,53.8518
19.25,27.551683,53.881738
18.48,27.6521,53.9021
14.76038339,27.721,53.9473
20,27.564057,53.9315
20,27.5638,53.9315
14.94488189,27.6741,53.9885
13.14404432,27.5695,53.8787
15.81666667,27.5682,53.8735
16.64912281,27.6015,53.862
16.50434783,27.6019,53.8639
17.57407407,27.522558,53.887499
23.66583541,27.5058,53.8793
15.73797678,27.5345,53.8791
16.64912281,27.634992,53.91108
23.725,27.6077,53.9339
23.42053307,27.6077,53.9339
23.43209877,27.6077,53.9339
21.08888889,27.614588,53.933105
16.61996497,27.739048,53.960816
14.6,27.5806,53.914
18.98,27.5869,53.9333
17.22323049,27.431,53.9299
13.14404432,27.4762,53.9008
18.8667992,27.4399,53.9152
15.63426689,27.4343,53.9217
17.90566038,27.4841,53.903
15.55737705,27.4509,53.8782
17.57407407,27.4991,53.9303
17.77153558,30.3407,53.908
17.25454545,28.5129,54.2244
20.32119914,27.6369,53.9372
17.41071429,27.519,53.824
16.81034483,27.4452,53.8563
20.74468085,27.4688,53.8529
19.11764706,27.6874,53.9532
17.75956284,27.6049,53.9296
21.66666667,27.6551,53.9335
13.92857143,27.6951,53.9337
14.75037821,27.5901,53.9322
17.85714286,27.5926,53.9366
16.25,27.591295,53.936941
21.91011236,27.5869,53.9123
18.75,27.5821,53.9093
20.78891258,27.603301,53.936948
19.30693069,27.605534,53.940547
15.47619048,27.608885,53.943536
17.63110307,27.5853,53.9354
17.7919708,27.5856,53.9377
19.11764706,27.5322,53.9176
22.26027397,27.5557,53.9229
15.23076923,27.49,53.8694
14.70588235,23.708,52.0927
21.97102722,27.5983,53.9286
20.44108638,27.4848,53.9013
18.29981718,27.4464,53.9057
22.24444444,27.4715,53.9329
20.94142259,27.5455,53.9271
20.85416667,30.9957,52.4299
23.52534562,27.5499,53.87
17.06666667,27.5682,53.8735
23.81395349,27.4866,53.8664
16.51612903,27.6265,53.9282
13.65333333,27.549685,53.922663
16.5483871,27.6819,54.0139
17.15719064,27.7597,53.9658
16.0815047,25.9145,54.4232
18.68852459,27.6661,53.9524
17.2147651,27.676546,53.953106
19.35849057,27.6756,53.9577
19,27.672962,53.959914
18.68852459,27.666108,53.952375
13.5,27.78614,53.957705
20.52,27.429392,53.953895
21.24223602,27.6815,53.8776
18.65454545,27.634316,53.872592
16.81967213,27.5682,53.8735
13.86486486,27.5671,53.871
20.52,27.5874,53.8887
20.52,27.5886,53.8639
22.40174672,27.5409,53.9008
22.8,27.5409,53.9008
18.55334539,27.4754,53.847
27.36,27.5161,53.8862
17.87456446,27.4452,53.8563
23.31818182,27.5039,53.8757
16.62884927,27.5199,53.8809
19.35849057,27.4659,53.8521
22.06451613,27.4584,53.8606
17.68965517,27.455589,53.865254
18.82568807,27.4919,53.8505
17.41935484,27.4403,53.8585
16.60194175,27.484,53.8552
20.52,27.5436,53.8894
23.75,27.5367,53.8751
20.52,27.5867,53.8985
23.37129841,27.6025,53.89
24.84261501,27.6077,53.9339
17.93706294,27.6831,53.9489
15.08823529,27.6831,53.9489
24.54545455,27.6204,53.9304
20.43824701,27.6881,53.9468
22.8,27.625764,53.923742
14.65714286,27.6948,53.9461
14.93449782,27.6046,53.9222
24.02810304,27.636409,53.930279
19.35849057,27.6098,53.9394
15.08823529,27.6976,53.9268
15.08823529,27.6984,53.9277
21.375,27.636728,53.937732
19.35849057,27.602269,53.918278
18.65454545,27.6031,53.9185
23.91608392,27.6552,53.9316
16.03125,27.5964,53.939
22.30434783,27.5893,53.9099
21.92307692,27.5615,53.9186
19.39508507,27.569,53.9221
25.20884521,27.593038,53.929275
25.84382872,27.5935,53.9115
22.8,27.5855,53.9128
22.8,27.584,53.9107
14.47108604,27.5607,53.9235
14.74137931,27.5958,53.9407
13.25581395,27.608959,53.943534
20.39761431,27.5627,53.9181
20.23668639,27.59,53.9336
15.78461538,27.59,53.9336
13.18766067,27.586,53.9382
17.62886598,27.583,53.9235
15.33632287,27.5033,53.9031
21.82978723,27.443,53.9038
21.82978723,27.4481,53.8879
19.43181818,27.4807,53.913
22.74944568,27.5115,53.9099
13.41176471,27.4619,53.9178
23.86046512,27.5047,53.9117
17.72020725,27.5052,53.9127
17.90575916,27.4752,53.8975
19.24953096,27.4965,53.8963
17.04318937,27.4255,53.9024
24.37054632,27.4581,53.8959
13.15384615,27.4405,53.8814
17.1,27.544404,53.960173
23.42465753,27.5603,53.9275
23.05617978,27.5611,53.9275
15.78461538,27.5319,53.9138
20.52,27.5313,53.9114
21.97943445,27.5409,53.9103
21.97943445,27.5409,53.9103
16.46869984,27.5524,53.9019
16.84729064,27.5308,53.9109
20.81135903,27.5354,53.9154
16.68292683,27.464,53.942
22.8,27.5261,53.9124
19,27.5527,53.9208
23.31818182,27.5555,53.9256
15.70149254,27.668371,53.961858
17.95221843,27.4641,53.8486
21.69072165,27.6513,53.9301
18.78571429,27.584037,53.908623
23.77232143,27.6549,53.9327
17.87728027,27.765443,53.962674
14.93074792,27.569979,53.869322
21.1372549,27.6,53.8548
17.11111111,27.5194,53.8869
16.08955224,27.478356,53.854476
21.51696607,27.5422,53.8839
20.33962264,27.58255,53.904106
19.77981651,27.686,53.9488
17.96666667,27.6831,53.9489
20.97276265,27.6846,53.9498
25.06976744,27.6264,53.922
24.33408578,27.6512,53.9316
15.05586592,27.6509,53.9322
20.29749576,27.593,53.9305
23.69230769,27.5844,53.9155
20.651341,27.5626,53.9227
16.23493976,27.4795,53.9063
18.84615385,27.4218,53.9101
21.1372549,27.532268,53.917586
17.96666667,27.4674,53.9399
30.54689714,27.5449,53.9038
19.35368043,27.4851,53.9313
16.13772455,23.6914,52.094
21.62745098,25.9613,54.6174
20.73308271,27.5547,53.8964
18.95189003,27.4943,53.8782
17.28840125,27.4864,53.8679
20.05454545,27.4608,53.8523
17.39747634,27.5099,53.8915
16.96923077,27.552227,53.891879
19.73166369,27.5345,53.8791
24.67561521,27.6519,53.9316
24.40265487,27.6551,53.9335
20.89015152,27.6873,53.9439
21.66994106,27.6314,53.923
18.11165846,27.5843,53.9361
24.51111111,27.5864,53.9126
15.23480663,27.4787,53.9039
25.20566728,27.5041,53.912
19.01724138,27.506,53.9106
16.34074074,27.4619,53.9047
19.11611785,27.4898,53.9331
21.75542406,27.5328,53.9096
23.32631579,27.5785,53.923
17.36923077,27.5564,53.8977
14.85526316,27.483,53.8556
22.6252505,27.51449,53.883623
21.38257576,27.514436,53.883744
23.27835052,27.520221,53.882359
17.42283951,27.5516,53.8761
24.33189655,27.5351,53.8773
22.18074656,27.6314,53.923
18.25396825,28.4929,52.127
17.45454545,27.59,53.9336
23.04,27.5402,53.9119
19.82817869,27.6647,53.9542
18.73376623,27.6744,53.9603
32.97142857,27.6272,53.8666
37.96052632,27.6272,53.8666
19.23333333,27.6502,53.8364
19.23333333,27.6502,53.8364
15.8953168,27.5532,53.8957
14.71938776,27.5534,53.8974
16.89604685,27.4864,53.8679
18.34658188,27.5161,53.8862
22.58317025,27.4719,53.8497
22.23506744,27.5406,53.894
26.774942,27.4838,53.8657
20.10452962,27.485429,53.855718
28.49382716,27.4796,53.8551
18.76422764,27.5127,53.8835
23.94190871,27.5202,53.8824
20.42477876,27.5555,53.8711
30.05208333,27.5434,53.8709
18.28843106,27.5571,53.8901
26.8372093,27.552621,53.869846
18.31746032,27.5535,53.8709
23.599182,27.5378,53.8788
24.71092077,27.5447,53.8793
19.10596026,27.5536,53.8916
28.32596956,27.5564,53.8824
25.08695652,27.550172,53.870883
22.76583152,27.5476,53.8839
20.06956522,27.5476,53.8839
22.93322734,27.5393,53.8885
21.37037037,27.5827,53.9064
21.77358491,27.5827,53.9041
18.20189274,27.5795,53.9094
24.92440605,27.5774,53.9098
25.48023846,27.5794,53.8978
22.04814673,27.5793,53.909
27.34597156,27.7232,53.9529
18.11616954,27.6737,53.9468
19.23333333,27.6831,53.9489
22.77481745,27.5954,53.9269
27.08920188,27.6264,53.922
19.23333333,27.654046,53.928691
28.63523573,27.6536,53.9282
28.49382716,27.6553,53.9345
16.92578469,27.6485,53.935
23.36032389,27.6066,53.9224
15.18421053,27.6948,53.9461
22.62745098,27.6336,53.9219
13.54460094,27.6985,53.947
26.34703196,27.6123,53.9264
20.83032491,27.655,53.93
23.31313131,27.5756,53.9277
21.8147448,27.569,53.9221
25.64444444,27.5615,53.9186
16.48571429,27.598,53.9413
23.57507661,27.5979,53.9376
23.2193159,27.6041,53.9525
22.94234592,27.5793,53.9141
22.62745098,27.605534,53.940547
26.22727273,27.584749,53.914915
19.32998325,27.5862,53.9153
20.79279279,27.5793,53.9113
25.64444444,27.584684,53.91574
20.60714286,27.605,53.9452
17.2238806,27.5696,53.9214
22.36434109,27.581,53.9222
24.00166389,27.5818,53.9223
24.87068966,27.4822,53.9011
22.62745098,27.4822,53.9011
21.13553114,27.4604,53.8753
15.93922652,27.4411,53.9236
17.89147287,27.4322,53.905
22.45136187,27.4334,53.9039
25.64444444,27.431878,53.905228
23.94190871,27.4885,53.9003
18.91803279,27.5167,53.91
16.25352113,27.5167,53.91
19.82817869,27.4388,53.885
19.55932203,27.4419,53.8804
21.77358491,27.537277,53.908589
23.2193159,27.5355,53.9087
19.89655172,27.552498,53.901902
19.04290429,27.5308,53.9109
24.55319149,27.4696,53.9365
17.89147287,27.4657,53.9413
15.96127248,27.4733,53.9379
18.70340357,27.4898,53.9331
24.19287212,27.5261,53.9124
17.86377709,27.4619,53.9366
16.48571429,27.549883,53.934605
15.80821918,30.2135,55.1843
14.98701299,23.6808,52.0918
19.00161031,26.6992,54.9153
18.46635368,27.4792,53.8561
20.34482759,27.4882,53.8698
22.26415094,27.5764,53.9074
23.64729459,27.6194,53.9007
19.15584416,27.5843,53.9367
27.63466042,27.5661,53.9258
18.15384615,30.235586,55.185656
19.35483871,25.9625,54.6202
39.65800723,27.6272,53.8666
20.61186122,27.5688,53.9018
20.1,27.5624,53.9
21.4973262,27.4791,53.8723
19.73813421,27.5218,53.8833
21.01045296,27.5052,53.9127
20.1,27.5512,53.9008
28.13156053,27.5416,53.9067
28.13156053,27.5416,53.9067
18.55384615,27.4757,53.9342
21.53571429,27.573707,53.909142
20.06655574,27.5634,53.9109
23.64705882,27.536,53.9141
21.84587814,27.6024,53.9378
20.08237232,27.5906,53.9276
21.98214286,27.6675,53.9592
34.38547486,27.5889,53.8903
24.62,27.520787,53.888223
19.7275641,27.5194,53.8869
28.10502283,27.5399,53.9032
21.82624113,27.5555,53.8711
24.66933868,27.6194,53.9007
20.61976549,27.5743,53.9064
28.76168224,27.5994,53.9039
21.33448873,27.6547,53.9284
28.82903981,27.5661,53.9258
30.54590571,27.5167,53.91
22.42258652,27.5512,53.9315
24.7188755,27.555981,53.912524
15.06024096,31.0022,52.4176
27.88888889,27.5407,53.9028
28.20282701,27.5407,53.9028
20.112,27.4597,53.8539
18.35036496,27.6551,53.9335
29.92857143,27.6502,53.9314
22.41840556,27.6188,53.9275
24.64705882,27.6336,53.9219
24.50292398,27.6511,53.9282
21.63511188,27.6061,53.9586
17.77934936,27.5167,53.91
25.52284264,27.5355,53.9087
19.73312402,27.4744,53.9375
25.34,27.5978,53.9224
19.86547787,27.5862,53.9153
30.69544365,27.6264,53.922
22.03098107,27.4222,53.9163
20.31746032,27.4257,53.9056
20.31746032,27.5521,53.9
18.28571429,27.5562,53.9089
12.83,27.671,53.9528
22.91071429,27.6756,53.9577
21.38333333,27.67253,53.994455
21.63575042,27.621396,53.864235
19.73846154,27.6482,53.8687
19.70814132,27.6809,53.8721
19.98442368,27.5796,53.8745
24.20754717,27.5536,53.8946
23.067242,27.5602,53.8975
25.55776892,27.5541,53.8977
20.36507937,27.557034,53.899275
20.92985318,27.5605,53.9009
19.40998487,27.5652,53.8454
21.38333333,27.56505,53.845349
31.44607843,27.4781,53.8736
23.07553957,27.5513,53.898
21.5993266,27.4888,53.8712
16.94848085,27.5196,53.8892
20.10971787,27.4858,53.8674
22.50877193,27.5207,53.8882
20.046875,27.5171,53.8882
21.24172185,27.5196,53.8892
17.03851262,27.5196,53.8892
27.29787234,27.5207,53.8882
19.73846154,27.5194,53.8869
18.95125554,27.4544,53.8521
26.18367347,27.4719,53.8497
18.89543446,27.5243,53.8839
19.03560831,27.5243,53.8839
21.41903172,27.552,53.8975
22.05983494,27.552,53.8975
20.99836334,27.5217,53.883
22.35191638,27.446,53.8502
19.67791411,27.5438,53.8774
17.24462366,27.5438,53.8774
27.65086207,27.5511,53.8713
31.29268293,27.5434,53.8709
34.67567568,27.5434,53.8709
32.8974359,27.5434,53.8709
26.18367347,27.5583,53.8778
17.19839142,27.5442,53.8845
25.23107178,27.5422,53.8845
22.74822695,27.582566,53.901636
30.99033816,27.5842,53.9078
21.49078727,27.5743,53.906628
30.4028436,27.7225,53.9535
20.046875,27.6831,53.9489
20.046875,27.673923,53.94716
21.38333333,27.6084,53.9276
29.22551253,27.6155,53.9296
29.8372093,27.6105,53.9318
27.23991507,27.6881,53.9468
27.06751055,27.6881,53.9468
31.36919315,27.6264,53.922
30.04683841,27.6264,53.922
30.04683841,27.6264,53.922
32.72959184,27.6553,53.9345
30.6937799,27.6553,53.9345
31.52334152,27.6544,53.9276
28.51111111,27.6519,53.9316
26.18367347,27.6512,53.9309
28.70246085,27.6547,53.9284
18.43390805,27.6551,53.9335
21.4548495,27.6522,53.9291
21.74576271,27.6046,53.9222
29.63048499,27.6551,53.9324
20.20472441,27.6548,53.9297
19.617737,27.654043,53.931191
30.25943396,27.6541,53.9315
26.72916667,27.654016,53.930878
30.11737089,27.6551,53.9312
20.01560062,27.6551,53.9304
20.59390048,27.5926,53.9383
16.19949495,27.5855,53.9207
20.69354839,27.5843,53.9367
28.01921817,27.569,53.922088
21.96917808,27.5838,53.9356
16.79319372,27.5849,53.9385
22.12068966,27.593043,53.933589
30.6937799,27.5855,53.9128
21.03278689,27.5809,53.9097
23.98130841,27.5821,53.9093
23.07553957,27.6027,53.9361
30.18823529,27.5948,53.9357
20.6203793,27.579,53.9147
21.93162393,27.582,53.9135
18.25035562,27.582,53.9135
26.18367347,27.5844,53.9155
20.83468659,27.5793,53.9113
17.33783784,27.5952,53.925
25.66,27.5839,53.9306
23.36976321,27.586,53.9382
19.32228916,27.4795,53.9063
16.90382082,27.4795,53.9063
17.10666667,27.5069,53.902
27.65086207,27.4334,53.9039
21.27694859,27.47809,53.900188
14.88399072,27.4508,53.9056
29.02714932,27.5167,53.91
19.26426426,27.5167,53.91
16.0375,27.5206,53.9085
25.55776892,27.5355,53.9087
19.06389302,27.4705,53.9338
25.97165992,27.5724,53.9102
21.85689949,27.4757,53.9342
26.39917695,27.466,53.9395
28.01310044,27.4677,53.9378
27.8308026,27.4638,53.9405
28.57461024,27.4758,53.933
19.67791411,27.4778,53.9346
24.29924242,27.555725,53.899624
24.20754717,27.559,53.9011
22.50877193,27.4674,53.9399
19.64777948,27.4657,53.9413
25.75787994,27.5298,53.9194
19.73846154,27.464,53.942
24.29924242,27.5331,53.9165
23.11711712,27.4657,53.9413
24.29924242,27.5331,53.9165
30.54761905,27.464,53.942
30.54761905,27.464,53.942
21.81972789,27.464,53.942
22.00686106,27.5106,53.9296
27.95206972,27.4772,53.9368
20.79416532,27.4898,53.9331
30.04683841,27.461,53.9418
31.0653753,27.461,53.9418
27.29787234,27.5541,53.9034
22.50877193,27.5261,53.9124
18.70262391,27.5562,53.9089
25.40594059,27.5376,53.908
23.99027674,27.5398,53.907
25.30571992,27.5328,53.9096
22.95169946,27.5543,53.9204
28.51111111,30.2091,55.184
25.66,30.2116,55.1704
18.57142857,27.551015,53.906416
25.69744597,27.6881,53.9468
32.45657568,27.5167,53.91
26.68,27.5637,53.8992
24.38756856,27.5688,53.9018
18.34938102,27.5926,53.9366
24.61254613,27.5945,53.9366
21.51612903,27.5285,53.9203
25.26515152,27.5331,53.9165
28.45188285,27.662,53.9564
33.91521197,27.6264,53.922
18.70701513,27.5926,53.9366
31.55452436,27.4696,53.9365
18.46666667,27.688378,53.944554
23.33333333,28.492871,52.126982
22.70967742,27.5605,53.9009
19.55555556,27.6958,53.9454
26.62264151,27.5536,53.8946
25.65454545,27.5688,53.9018
20.62865497,27.5602,53.8989
27.61252446,27.5617,53.9
39.41340782,27.5889,53.8903
21.02831595,27.4781,53.8736
23.83445946,27.5211,53.8844
23.83445946,27.5211,53.8844
18.08974359,27.477001,53.852
23.95585739,27.4733,53.8503
20.78055965,27.5243,53.8839
23.71428571,27.5357,53.9049
28.22,27.539768,53.890699
23.09328969,27.5218,53.8833
21.64110429,27.5438,53.8774
32.06818182,27.5525,53.8713
32.81395349,27.5451,53.8776
23.87478849,27.5514,53.8928
21.15442279,27.5874,53.8983
19.51590595,27.5883,53.8975
21.37878788,27.576121,53.908352
23.36092715,27.6831,53.9489
28.22,27.644763,53.941011
32.14123007,27.6155,53.9296
17.57160648,27.609,53.9413
34.49877751,27.6264,53.922
21.02831595,27.6287,53.9188
21.77469136,27.6264,53.922
18.08974359,27.655049,53.93346
31.6367713,27.6513,53.9301
31.42538976,27.6512,53.9309
30.67391304,27.6513,53.9301
24.36960276,27.6549,53.929
17.22832723,27.6553,53.9345
22.61217949,27.6532,53.9329
18.08974359,27.6509,53.9322
22.90584416,27.6094,53.9236
18.08974359,27.6948,53.9461
24.71103327,27.6023,53.9236
31.35555556,27.6017,53.9219
24.92932862,27.6046,53.9222
18.83845127,27.7038,53.9429
19.73426573,27.6958,53.9454
19.65181058,27.6541,53.9315
20.87278107,27.654,53.9309
22.0124805,27.6551,53.932
22.90584416,27.5843,53.9367
30.87527352,27.5864,53.9126
32.28832952,27.5871,53.9201
25.88990826,27.5589,53.9183
23.2569639,27.582,53.9135
22.50398724,27.5925,53.9103
25.65454545,27.566034,53.92241
24.32758621,27.437726,53.902978
24.11965812,27.437007,53.906096
19.09336942,27.5206,53.9085
23.36092715,27.5355,53.9087
24.49652778,27.5717,53.9116
23.43853821,27.5709,53.9112
18.86363636,27.5641,53.9056
24.47528187,27.558,53.9018
23.24546952,27.4758,53.933
21.12275449,27.469,53.9372
22.98045603,27.469,53.9372
23.13114754,27.4758,53.9336
20.15714286,27.555878,53.89965
27.13461538,27.545849,53.908242
19.32876712,27.5466,53.9084
26.00442315,27.536,53.9141
26.87619048,27.533,53.9165
25.70127505,27.4674,53.9399
33.43601896,27.464,53.942
22.94308943,27.5361,53.9372
23.79426644,27.5249,53.9135
29.33471933,27.5505,53.9217
24.27364865,27.5532,53.8957
24.27364865,27.5532,53.8957
20.26798307,27.5695,53.8787
33.89150943,27.6541,53.9315
25.82126457,27.5547,53.8968
36.45885287,27.6553,53.9345
32.85393258,27.6512,53.9309
21.56342183,27.6551,53.9335
31.50862069,27.6511,53.9282
20.88571429,27.6377,53.9237
23.16957211,27.464,53.942
35.68345324,27.6544,53.9276
22.14285714,27.598958,53.939714
17.86314526,27.5856,53.9377
21.65938865,27.5133,53.9003
18.16849817,27.5325,53.9146
24.8,27.535543,53.909764
28.8372093,27.4778,53.9346
21.53712549,27.4895,53.9389
34.92957746,27.4716,53.9387
22.05882353,27.517408,53.887007
20.27027027,27.6513,53.9301
34.03153153,27.5273,53.9119
25.57432432,27.5532,53.8957
30.28,27.6264,53.922
39.42708333,27.5168,53.9089
24.224,27.5325,53.9146
21.40252454,27.5235,53.8895
22.64094955,27.474,53.9367
27.94545455,27.544251,53.902008
27.44642857,27.552139,53.892397
27.44642857,27.550828,53.892087
24.79032258,27.5764,53.9082
30.74,27.6512,53.9309
23.64615385,27.5612,53.9229
35.74418605,27.5273,53.9119
35.74418605,27.5308,53.9109
19.2125,27.4895,53.9389
35.74418605,27.5261,53.9124
35.74418605,27.5261,53.9124
20.22368421,27.5505,53.9217
25.65,27.5731,53.9098
30.17647059,25.9648,54.6198
17.29213483,27.5633,53.8904
22.43440233,27.5541,53.8967
26.30769231,27.5682,53.8735
26.62629758,27.4752,53.8729
25.99662162,27.5211,53.8844
28.5,27.495,53.8778
27.28723404,27.4733,53.8503
23.67692308,27.4856,53.8655
30.23575639,27.4856,53.8655
30.23575639,27.4856,53.8655
21.98571429,27.453,53.8518
26.58031088,27.5357,53.9049
19.28571429,27.5419,53.8996
21.08219178,27.5419,53.8996
21.70662906,27.483,53.8556
38.86363636,27.5202,53.8824
23.28290469,27.5152,53.8853
19.11801242,27.5438,53.8774
33.16810345,27.5525,53.8713
19.50076026,27.5536,53.8916
26.04060914,27.5514,53.8928
24.58466454,27.5764,53.9082
25.65,27.5844,53.8947
35.2173913,27.637167,53.918384
25.43801653,27.6084,53.9276
24.00936037,27.6881,53.9468
35.95794393,27.6264,53.922
21.98571429,27.6264,53.922
34.27616927,27.6519,53.9316
18.69987849,27.6553,53.9345
25.73578595,27.6553,53.9345
37.35436893,27.6553,53.9345
34.81900452,27.6512,53.9316
22.30434783,27.686528,53.943951
21.55462185,27.6916,53.9473
24.38985737,27.6447,53.9339
20.52,27.692056,53.945587
23.49618321,27.6971,53.9464
24.90291262,27.6115,53.9273
36.12676056,27.6587,53.9328
36.29716981,27.6541,53.9315
23.82352941,27.6549,53.9327
19.73076923,27.6883,53.9337
23.17771084,27.5946,53.9392
27.98181818,27.5879,53.9298
23.14285714,27.5882,53.9253
23.14285714,27.5882,53.9253
28.5,27.595374,53.969522
23.67692308,27.5843,53.9361
19.2375,27.5849,53.9385
21.49441341,27.5934,53.9356
25.06514658,27.5804,53.9138
21.89189189,27.5607,53.9235
28.23853211,27.5589,53.9183
38.76574307,27.5851,53.9135
25.65,27.5793,53.9113
26.04060914,27.5793,53.9113
22.5329429,27.608193,53.944686
20.99590723,27.5612,53.9229
25.56478405,27.4752,53.8975
22.5659824,27.4485,53.9055
24.046875,27.4369,53.9055
28.76635514,27.4986,53.9214
22.30434783,27.5167,53.91
20.82543978,27.5206,53.9085
20.35714286,27.5168,53.9089
40.71428571,27.551767,53.900317
37.17391304,27.5273,53.9119
22.63235294,27.5273,53.9119
31.2804878,27.535736,53.909232
25.69282137,27.5578,53.901
26.69557676,27.558,53.9018
25.65,27.5308,53.9109
26.85863874,27.5308,53.9109
35.05694761,27.4677,53.9378
22.83382789,27.5404,53.93
22.83382789,27.5404,53.93
27.98181818,27.5415,53.9297
29.8255814,27.5466,53.9084
32.81449893,27.5081,53.9295
25.2295082,27.4733,53.9379
24.70304976,27.4733,53.9379
24.624,27.4733,53.9379
25.27093596,27.4733,53.9379
27,27.4674,53.9399
21.98571429,27.551,53.9064
19,27.461,53.9418
26.53448276,27.5261,53.9124
23.53211009,27.4623,53.9362
30.96579477,27.5539,53.9145
30.96579477,27.5539,53.9145
30.53571429,27.5539,53.9145
27.74822695,27.6815,53.9498
22.79369628,27.567,53.9028
22.72857143,27.588864,53.925701
28.35087719,27.4657,53.9413
23.125,27.5948,53.9357
27.75,27.5909,53.9398
28.61063465,27.6607,53.9634
39.24705882,27.6568,53.8663
25.98130841,27.5798,53.8739
27.7076412,27.573,53.8945
29.31458699,27.5564,53.8977
23.82857143,27.5551,53.8983
28.85813149,27.5235,53.8895
25.86046512,27.4806,53.856
29.52212389,27.5555,53.8711
23.30911124,27.5543,53.8909
22.78688525,27.5881,53.8975
25.7805255,27.575,53.9075
36.98447894,27.5785,53.9013
23.59264498,27.6074,53.9387
29.73262032,27.6078,53.9253
24.24418605,27.6531,53.9295
25.27272727,27.6531,53.9295
19.41792782,27.6549,53.9327
38.61111111,27.6551,53.9324
23.65957447,27.5971,53.9424
28.56164384,27.5832,53.9363
29.83899821,27.5804,53.9138
27.8,27.5909,53.9398
22.51012146,27.5761,53.9406
24.35036496,27.5612,53.9229
24.56553756,27.4562,53.8976
14.63157895,27.4688,53.9003
20.39119804,27.4508,53.9056
33.90243902,27.5167,53.91
26.64536741,27.5273,53.9119
33.90243902,27.5355,53.9087
25.46564885,27.471,53.9333
29.26315789,27.5575,53.9013
39.52606635,27.4696,53.9365
29.16083916,27.4657,53.9413
27.25490196,27.4733,53.9379
26.43423138,27.464,53.942
29.16083916,27.4674,53.9399
39.15492958,27.464,53.942
21.60621762,27.5102,53.9298
28.75862069,27.5261,53.9124
25.27272727,27.4623,53.9362
33.36,27.5539,53.9145
28,27.466062,53.941002
31.25454545,27.5957,53.9361
26.52777778,27.472,53.9338
22.66233766,27.5345,53.8791
26.84615385,27.4895,53.9389
22.34848485,27.5331,53.914
29.10714286,27.6552,53.9308
31.12847222,27.4434,53.9302
30.9137931,27.5261,53.9124
18.87368421,27.5294,53.9142
19.07446809,27.5294,53.9142
35.21568627,27.57618,53.908764
31.50877193,27.5667,53.9019
32.24416517,27.5547,53.8964
32.24416517,27.5547,53.8964
32.18637993,27.5513,53.898
33.25925926,27.551665,53.899631
32.01426025,27.5513,53.8992
25.2247191,27.5437,53.8766
22.28287841,27.5437,53.8766
30.55980943,27.5536,53.8916
39.91111111,27.6512,53.9309
27.41984733,27.654,53.9309
27.4617737,27.654,53.9309
29.20325203,27.593448,53.938522
35.92,27.5909,53.9112
29.88352745,27.5866,53.9118
26.68647845,27.5589,53.9183
25.54765292,27.5822,53.9142
27.04819277,27.4597,53.9053
29.39443535,27.5193,53.9108
22.96675192,27.5331,53.914
23.60052562,27.53,53.9133
43.59223301,27.5273,53.9119
26.88622754,27.472,53.9338
26.88622754,27.4712,53.9374
26.02898551,27.4731,53.9345
30.28667791,27.4651,53.9391
35.92,27.4696,53.9365
29.78441128,27.5415,53.9297
25.69384835,27.4895,53.9389
22.45,27.4895,53.9389
31.84397163,27.4657,53.9413
24.60273973,27.4733,53.9379
31.84397163,27.5261,53.9124
27.84496124,27.5261,53.9124
31.01899827,27.5261,53.9124
21.90243902,27.5481,53.9287
34.07969639,27.5294,53.9142
27.5,27.5402,53.9119
28.81538462,27.5786,53.914
22.98159509,27.461,53.9418
28.17507418,27.474,53.9367
18.18181818,27.5466,53.9306
27.53602305,27.5402,53.9119
32.03333333,27.5764,53.9074
33.11531842,27.4856,53.8655
33.11531842,27.4856,53.8655
36.78776291,27.552,53.8975
32.06666667,27.579237,53.909512
35.21229868,27.584043,53.904741
48.70886076,27.6553,53.9345
27.64367816,27.5925,53.9103
25.48344371,27.6031,53.9185
25.48344371,27.6031,53.9185
31.38662316,27.5662,53.9188
35.36764706,27.5325,53.9068
23.49206349,27.5325,53.9146
24.29292929,27.5331,53.914
31.80165289,27.5275,53.9119
25.89502019,27.5469,53.9299
29.73724884,27.5469,53.9299
30.15673981,27.5669,53.9035
34.23487544,27.5651,53.9045
34.23487544,27.5651,53.9045
24.4783715,27.5402,53.9119
27.72334294,27.5402,53.9119
21.05032823,27.461,53.9418
28.2111437,27.5505,53.9217
35.96261682,27.5572,53.9102
43.72727273,27.5254,53.913
25.58290155,27.6031,53.9185
28.42329545,27.6074,53.9387
28.10393258,27.5167,53.91
35.39713426,27.5769,53.9105
36.51594307,27.552,53.8975
30.85235921,27.5469,53.9299
30.14705882,27.5662,53.9188
30.14705882,27.5404,53.93
38.86363636,27.5532,53.8957
48.39622642,27.552,53.8975
37.24137931,27.552,53.8975
34.72081218,27.5764,53.9074
22.74944568,27.6378,53.9182
45.6,27.652723,53.931587
24.05627198,27.6551,53.9304
38.28358209,27.5879,53.9298
27.54362416,27.567604,53.919425
37.10669078,27.5864,53.9388
28.7394958,27.5167,53.91
31.61787365,27.5273,53.9119
47.28110599,27.5273,53.9119
31.71561051,27.5469,53.9299
34.2,27.4677,53.9378
34.02985075,27.5726,53.9086
24.81257557,27.4852,53.9388
28.14814815,27.4772,53.9368
34.72081218,27.4657,53.9413
37.30909091,27.5102,53.9298
36.64285714,27.4685,53.9393
37.8597786,27.451,53.9383
33.52941176,27.5625,53.9119
33.93548387,27.559,53.9011
27.96153846,27.565,53.8983
28.47258486,27.5849,53.9385
30.63202247,27.5167,53.91
36.84121622,27.5731,53.9098
38.80782918,27.5651,53.9045
36.35,27.560459,53.901797
26.7607362,27.4825,53.9393
40.32168608,27.5541,53.9034
40.3142329,27.5541,53.9034
37.66839378,27.5261,53.9124
30.1659751,27.5551,53.9024
29.56410256,27.6034,53.9181
30.74666667,27.4769,53.9014
32.07232267,27.4769,53.9014
51.31111111,27.518563,53.886875
36.709062,27.4838,53.8657
38.5475793,27.5795,53.9094
23.09,27.6423,53.9201
32.24860335,27.6378,53.9182
45.81349206,27.6881,53.9468
35.19817073,27.6512,53.9309
32.79829545,27.594189,53.936992
28.8625,27.5945,53.9366
36.078125,27.5662,53.9188
33.60989811,27.5167,53.91
41.98181818,27.5512,53.9008
39.13559322,27.5273,53.9119
28.40098401,27.4876,53.9389
31.41496599,27.4895,53.9389
30.9103079,27.4852,53.9388
35.79844961,27.464,53.942
35.52307692,27.464,53.942
45.98113208,27.5532,53.8957
37.20610687,27.5581,53.9102
44.88029466,27.4614,53.9428
33.15646259,27.4614,53.9428
38.67692308,27.6745,53.9466
40.512,27.6765,53.9545
36.61428571,27.4308,53.906
36.98412698,27.5505,53.9217
39.96884735,27.4781,53.8736
46.17599424,27.577,53.9078
35.93837535,27.6916,53.9473
34.07702523,27.6034,53.9181
45.98566308,27.6034,53.9181
40.15649452,27.569633,53.918686
33.41145833,27.569004,53.919716
32.075,27.5864,53.9388
38.29850746,27.4274,53.9097
32.2361809,27.5331,53.914
42.76666667,27.573321,53.909641
43.86324786,27.5688,53.9111
43.75106564,27.5563,53.8999
32.2361809,27.5402,53.9119
38.41317365,27.4614,53.9428
32.2361809,27.5402,53.9119
46.31768953,27.5572,53.9102
47.96261682,27.5572,53.9102
31.67901235,27.4824,53.94
32.68789809,27.5492,53.9285
35.40078844,27.6034,53.9181
40.31428571,27.560044,53.898967
41.68389956,27.6264,53.922
41.37829912,27.5275,53.9119
47.03333333,27.5575,53.9013
46.33825944,27.5563,53.8999
45.29695024,27.460606,53.942863
34.12333736,27.5402,53.9119
30.94298246,27.461,53.9418
42.11940299,27.54965,53.92257
48.7955626,27.6512,53.9309
40.99866844,27.5793,53.913
56.59926471,27.5325,53.9068
33.94707828,27.5167,53.91
34.21111111,27.51994,53.910241
55.37769784,27.5572,53.9102
44.0521978,27.5402,53.9119
39.87995198,27.6505,53.9254
52.93650794,27.5543,53.8931
46.70868347,27.6378,53.9182
56.81431005,27.5688,53.9123
46.57821229,27.462316,53.943096
47.77936963,27.4614,53.9428
48.68613139,27.5402,53.9119
46.90243902,27.4913,53.9383
59.2,27.5325,53.9068
33.14166667,27.5572,53.9102
76.88155922,27.5572,53.9102
25.34793814,27.5469,53.9079
25.34793814,27.5469,53.9079
68.41111111,27.54778,53.901929
8.333333333,26.3793,54.4819
5.800464037,23.8398,53.6784
9.884393064,28.5218,54.2232
6.256097561,28.2984,54.0909
6.84,27.686861,54.005748
6.75,28.0813,54.0424
8.015625,28.766766,55.47854
6.849132176,23.8628,53.645
6.84,27.869208,54.010745
7.737556561,27.7059,54.0024
7.328571429,26.0139,53.1519
7.544117647,23.78,53.6589
6.576923077,28.2014,54.0413
7.892307692,25.9589,54.4342
7.892307692,30.996423,52.451654
5.803167421,27.4417,53.8521
10.46938776,30.946926,52.44638
8.55,31.0047,52.4576
7.434782609,30.2125,55.178
5.13,23.7311,52.1127
6.035294118,23.7243,52.0698
8.844827586,23.7024,52.0935
7.225352113,23.7779,52.1059
6.4125,23.8345,53.6972
7.892307692,30.340895,53.91303
9.62962963,29.2027,53.1388
8.421875,30.2422,55.177
8.421875,30.3748,53.903
8.73015873,28.2986,54.0964
8.73015873,30.9945,52.4588
9.166666667,30.2142,55.1727
8.117647059,28.2991,54.099
7.324675325,28.291191,54.096345
7.421052632,23.817,53.6178
9.4,27.6148,53.8736
8.057142857,31.0392,52.466
9.4,30.2134,55.1684
7.05,30.211277,55.169704
9.616666667,28.3011,54.0915
8.082191781,23.8429,53.6602
8.676470588,30.0389,52.9019
7.972972973,23.8498,53.6557
9.21875,31.0202,52.4513
9.076923077,23.787757,52.101412
5.673076923,23.813854,53.710763
7.564102564,30.3286,53.9154
9.833333333,30.3254,53.8822
8,26.030015,53.132351
6.743088334,27.698992,53.745043
6.12244898,23.779439,53.661374
8.021390374,23.78126,53.66077
9.375,30.2166,55.1635
8.927536232,27.9068,53.8767
9.058823529,27.6078,53.8555
8.762446657,30.2033,55.1599
7.453488372,26.131821,52.128051
8.217948718,23.8521,53.6553
9.712121212,27.6668,53.9759
8.0125,27.5984,53.7791
9.454277286,27.6796,53.9981
9.028169014,27.893049,53.622804
7.844817036,31.0051,52.436
8.0125,30.1882,55.1937
9.426470588,30.205798,55.166207
9.157142857,23.702,52.088
7.122222222,23.74,52.0692
10.17460317,23.6984,52.0984
10.68333333,30.3149,53.8682
8.552631579,23.843313,53.652562
9.027777778,27.331835,53.748215
10.98846787,28.490743,54.215204
10.421875,27.5886,53.8639
11.11666667,27.5886,53.8639
9.680696662,26.87603,54.291948
8.134146341,30.3563,53.8648
12.83018868,27.6017,53.8593
12.32142857,27.5089,53.91
8.706030151,27.6796,53.9981
9.24,27.6241,53.7867
10.19117647,31.0229,52.4517
8.6625,30.2129,55.2038
6.93,23.8326,53.6979
9.625,30.332857,53.908489
10.55882353,27.6796,53.9981
13.28571429,27.5539,53.9296
9.166666667,27.7597,53.9658
9.746835443,27.9067,53.88
9.625,27.5443,52.7827
10.09174312,27.458875,53.795773
12.22222222,27.4814,53.8685
13.75,27.5082,53.846
12.22222222,27.651752,53.937138
14.25925926,27.6358,53.9458
11.4822547,27.4753,53.9176
15.55555556,27.4945,53.9217
11.66666667,27.4347,53.8873
11,31.0223,52.4518
11.32352941,30.1826,55.1958
11.32352941,30.2112,55.1628
7.403846154,23.669296,52.119264
9.871794872,23.8335,53.6973
15.9,27.6069,53.8659
14.19642857,27.6069,53.8659
18.24444444,27.5396,53.8742
11.72857143,30.341461,53.90266
10.45679012,27.7654,53.9627
13.03076923,27.6911,53.9355
14.3559322,27.6215,53.9535
15.125,31.011083,52.421931
7.727272727,30.3338,53.9107
13.92971246,27.680643,53.887851
10.02298851,27.4208,53.9057
11.93333333,27.5408,53.8503
14.20634921,27.6422,53.9364
11.60206718,27.6684,53.9634
14.25396825,27.67253,53.994429
13.60606061,27.5981,53.8674
14.25396825,27.592275,53.872214
14.20886076,27.5447,53.8793
12.82857143,27.5513,53.878
17.96,27.4869,53.8423
14.60162602,27.7108,53.9422
11.97333333,27.6537,53.9365
13.40298507,27.637,53.9526
18.32653061,27.5837,53.9222
15.48275862,27.4436,53.9087
12.47222222,27.4628,53.8999
13.40298507,27.537378,53.957737
13.20588235,27.5322,53.9176
13.40298507,30.2095,55.1728
11.225,30.197,55.1695
7.184,23.691616,52.093294
12.43767313,23.7586,52.0687
14.03125,23.836158,53.679028
10,23.8467,53.6469
14.28571429,27.4458,53.8993
14.4,23.8112,53.6972
13.56828194,27.6447,53.9339
15.06349206,27.6125,53.838
15.52937326,27.6491,53.842
13.18055556,27.6339,53.9094
11.60146699,27.4539,53.8797
19.60743802,27.4908,53.9107
14.828125,27.424799,53.886605
14.99210111,27.4361,53.8821
14.27525622,27.4533,53.8478
15.625,27.5143,53.8885
13.54166667,27.6339,53.9094
15.90538336,27.7108,53.9422
15.90538336,27.7108,53.9422
13.19350474,27.6916,53.9473
14.35935199,27.717922,53.946509
14.33823529,27.4733,53.9286
11.39018692,27.4623,53.8969
12.06896552,27.6728,53.99
14.70588235,30.984094,52.406387
9.523809524,27.6887,53.9452
9.090909091,30.19261,55.194203
14.72058824,27.6895,53.9513
13.17105263,27.4799,53.9265
14.72058824,27.473536,53.928575
13.83879781,27.4606,53.8976
14.47142857,27.4518,53.8995
17.06666667,27.497,53.9041
13.18766067,27.672863,53.963451
14.65714286,27.5249,53.8215
13.66178429,27.564,53.8451
14.51202263,27.565,53.8677
13.1202046,27.4869,53.8792
15.08823529,27.45351,53.847901
16.20853081,27.4386,53.8556
10.26,27.4781,53.8496
16.28571429,27.5384,53.8516
12.57352941,27.5384,53.8516
12.77708593,27.5384,53.8516
16.03125,27.539625,53.882839
14.25,27.6696,53.946
15.54545455,27.6696,53.946
16.03125,27.6696,53.946
13.68,27.6332,53.9207
7.032213845,27.612451,53.940001
13.44692005,27.7351,53.9595
16.05382569,27.6027,53.9419
13.57142857,27.6075,53.9438
16.27021884,27.5865,53.9326
13.18766067,27.4404,53.9207
12.825,27.4292,53.8981
14.86956522,27.478,53.9089
16.0815047,27.445309,53.907181
15.88235294,27.4388,53.9082
18.03163445,27.497,53.916
11.03225806,27.4548,53.8742
15.85780526,27.4363,53.8855
10.56642636,27.567,53.9117
19.54285714,27.5646,53.9323
12.825,27.4865,53.9325
15.95645412,27.554608,53.913791
14.05479452,27.5476,53.9295
16.76470588,31.0273,52.4596
15.78461538,30.228369,55.179925
13.46991037,27.6819,53.9979
15.93939394,27.537203,53.877097
13.14634146,27.672392,53.989595
12.29190422,27.678469,53.99981
16.7651633,27.5515,53.8795
16.06557377,27.5513,53.878
19.28788692,27.5791,53.9014
17.11111111,27.6896,53.936
15.4,27.5015,53.9265
13.76756066,27.4898,53.9331
13.475,30.2095,55.1728
12.98795181,30.3332,53.9071
15.88235294,31.000629,52.44038
16.71212121,27.4542,53.8624
16.31656805,27.6439,53.9335
16.63650075,27.4307,53.8893
14.15917843,27.4326,53.9022
17.15396579,27.5343,53.9146
16.29148629,27.4754,53.8743
15.36054422,27.6178,53.9547
15.04563233,27.6819,54.0139
14.425,27.6807,54.012
14.35323383,27.668344,53.963399
16.48571429,28.6972,55.5133
14.57070707,27.5269,53.8222
18.03125,26.421357,54.476641
13.67298578,27.6738,53.882
21.21323529,27.6338,53.8734
14.79487179,27.57,53.9005
17.80864198,27.5681,53.8713
13.75446961,27.5983,53.8843
12.18585005,27.4823,53.8729
17.75384615,27.4754,53.847
18.03125,27.455086,53.848247
15.96127248,27.6348,53.9087
15.91724138,27.6355,53.9092
13.90361446,27.5817,53.9083
12.86510591,27.6542,53.9092
19.04290429,27.7167,53.9505
13.31026528,27.6733,53.9466
18.20189274,27.6873,53.9439
18.22776813,27.6911,53.9355
7.909527073,27.612451,53.940001
16.92082111,27.6394,53.953
18.31746032,27.682,53.9359
18.31746032,27.683073,53.936394
18.08777429,27.6818,53.9339
15.26455026,27.6075,53.9437
15.63897547,27.6048,53.9608
18.03125,27.5745,53.9202
14.94818653,27.447,53.9211
17.20847003,27.4809,53.9221
19.07438017,27.5019,53.9111
21.457791,27.4854,53.9128
13.09875142,27.4361,53.8821
17.80864198,27.5466,53.9084
17.75384615,27.533601,53.916576
15.78659371,27.5441,53.904
11.4940239,23.68049,52.092384
14.64330413,27.6754,53.9594
19.4516129,27.428713,53.956431
12.74841438,27.4823,53.8729
15.86842105,27.5588,53.87
15.30456853,27.5482,53.8846
18.15991568,27.6515,53.9353
19.234375,27.5654,53.9195
15.82262211,27.479,53.9054
14.8313253,27.4308,53.906
19.51799588,27.533,53.9165
16.89516129,27.4562,53.8793
16.47444299,27.4577,53.8982
16.47444299,27.4577,53.8982
21.97552448,27.4257,53.9056
19.70219436,27.534,53.9135
21.19402985,27.6017,53.9219
14.9882904,27.6762,53.9554
17.53424658,27.5679,53.8454
12.8,27.5059,53.9017
13.50526316,27.5347,52.7922
21.38333333,27.62138,53.864161
22.12068966,27.6234,53.8748
18.01966292,27.5719,53.8736
17.5273224,27.5564,53.8977
17.57534247,27.5547,53.8968
20.23659306,27.5681,53.8713
14.74712644,27.4831,53.8816
16.66233766,27.4804,53.8433
16.92612137,27.542859,53.875374
19.20658683,27.5572,53.8784
19.20658683,27.5572,53.8784
23.67158672,27.5867,53.8964
14.67963387,27.6343,53.9102
15.97758406,27.7139,53.949
13.72192513,27.6321,53.9259
17.12950601,27.6549,53.929
18.78477306,27.6447,53.9339
19.32228916,27.6368,53.9228
16.28172589,27.5843,53.9361
13.97603486,27.598,53.9413
16.94848085,27.599784,53.938475
15.51390568,27.5738,53.9254
18.62119013,27.582,53.9135
22.91071429,27.5921,53.9093
11.66363636,27.5069,53.902
14.43194601,27.4435,53.9225
16.90382082,27.4509,53.9195
17.10666667,27.4434,53.9302
20.20472441,27.4508,53.9105
16.88157895,27.4619,53.9178
18.97928994,27.4941,53.9032
14.46448703,27.4773,53.8951
16.0375,27.506,53.9106
15.21945433,27.4369,53.9055
15.45783133,27.4308,53.906
15.12971698,27.4431,53.9059
17.86908078,27.5304,53.9164
18.83994126,27.5388,53.9094
16.1933611,27.567,53.9117
20.82792208,27.4758,53.9336
19.38066465,27.536,53.9141
19.73846154,27.535951,53.913953
20.15077745,27.5539,53.9145
14.62941847,27.4848,53.9319
10.1023622,27.5294,53.9142
14.25555556,23.753,52.097
19.75532397,27.6515,53.9353
17.78666667,27.562449,53.900336
19.91044776,27.4304,53.8906
12.07239819,31.010778,52.428383
14.36170213,27.598,53.9413
20.08862629,27.5619,53.9206
19.20833333,27.5452,53.9095
18.77333333,27.5617,53.9
12.82727273,27.411313,53.939175
18.88888889,27.5726,53.8962
22.2555205,27.5681,53.8713
14.22379032,27.49,53.8694
14.22379032,27.49,53.8694
21.05970149,27.4838,53.8657
19.73978735,27.5535,53.8936
16.19977038,27.6343,53.9102
19.43526171,27.5882,53.9074
18.93959732,27.6522,53.9291
21.05970149,27.646257,53.934348
12.82727273,27.6916,53.9473
22.3968254,27.642537,53.933551
18.06658131,27.6883,53.9337
11.69014085,27.5879,53.9298
16.58049354,27.5835,53.9367
21.64110429,27.5739,53.9222
17.50620347,27.4419,53.9041
18.11296534,27.48671,53.906094
18.32467532,27.4488,53.9171
15.37037037,27.4497,53.913
11.44363341,27.5167,53.91
16.54161782,27.5133,53.9003
16.0523322,27.5133,53.9003
20.20621509,27.5516,53.9028
22.046875,27.545742,53.907564
21.76797285,27.5322,53.9176
21.76797285,27.5322,53.9176
25.33213645,27.487,53.9323
13.97029703,27.486948,53.929945
19.65181058,27.549,53.9304
16.00222717,27.6413,53.9192
19.44148936,27.5207,53.8882
18.48447205,27.5502,53.8752
19.84,27.6916,53.9473
17.28222997,27.5931,53.9345
22.5297619,27.6264,53.922
20.18666667,27.5167,53.91
18.6097561,27.505828,53.91117
19.26767677,27.506,53.9106
18.74390244,27.6766,53.9532
19.70512821,27.6104,53.8861
11.81398924,27.5294,53.9142
21.58485273,27.577455,53.899406
12.91107383,27.5632,53.891
19.58015267,27.5687,53.9013
21.34535368,27.5564,53.8977
13.99090909,27.5758,53.8945
21.08219178,27.5547,53.8968
22.60907889,27.5599,53.8994
16.81967213,27.5664,53.8742
23.93468118,27.5602,53.8906
22.69911504,27.4792,53.8561
17.27272727,27.5367,53.9053
16.16596639,27.5152,53.8853
16.03125,27.5589,53.8788
24.35126582,27.5596,53.8804
17.40950226,27.5535,53.8789
17.1,27.5524,53.878
26.83054393,27.5497,53.8928
29.29196802,27.58552,53.894994
21.375,27.583732,53.901515
21.01023891,27.5842,53.9078
20.71332436,27.574837,53.900364
19.65517241,27.610385,53.886116
21.14010989,27.601,53.9049
17.957993,27.6074,53.9387
21.25690608,27.6513,53.9301
15.70408163,27.6887,53.9452
13.04237288,27.6916,53.9473
15.62436548,27.69222,53.945769
19.70550576,27.6976,53.9268
19.85806452,27.6552,53.9316
19.407314,27.5964,53.939
19.407314,27.5964,53.939
11.2582297,27.5879,53.9298
17.44897959,27.5915,53.9356
19.90944373,27.5838,53.9356
15.13274336,27.5923,53.9335
24.35126582,27.5821,53.9093
16.782988,27.5661,53.9258
14.94174757,27.5661,53.9258
13.46456693,27.576195,53.920974
16.51287554,27.6115,53.9458
18.14858491,27.6115,53.9458
16.03125,27.5581,53.9179
18.90663391,27.5793,53.9113
21.02459016,27.4191,53.9105
21.08219178,27.5052,53.9127
16.91208791,27.4173,53.8937
19.43181818,27.4743,53.9074
19.45638432,27.4464,53.9057
18.45323741,27.4431,53.9059
18.88343558,27.5206,53.9085
19.48101266,27.4272,53.8891
19.48101266,27.4272,53.8891
15.08823529,27.4617,53.9043
17.11902113,27.4614,53.9057
16.0815047,27.5133,53.9003
16.2,27.5304,53.9164
27.67985612,27.5295,53.9123
15,27.5634,53.9149
16.72826087,27.563936,53.914761
21.98571429,27.5411,53.9073
20.46542553,27.5452,53.9095
23.38905775,27.474,53.9367
14.94174757,27.5254,53.9139
24.01685393,27.536,53.9141
23.82352941,27.5354,53.9154
19.75609756,27.5441,53.9057
27.3357016,27.5261,53.9124
19.43181818,27.5261,53.9124
22.51316559,27.5398,53.907
19.2375,27.539993,53.906687
19.30991217,27.5249,53.9135
17.56453423,27.5367,53.9053
20.2,27.5419,53.8996
15.67410281,27.5661,53.9258
17.52631579,27.5689,53.8825
18.5,27.5689,53.8825
19.58823529,27.544,53.9279
22.54054054,27.5641,53.8614
19.76303318,27.569,53.8835
17.46596859,27.5689,53.8825
21.32992327,27.5605,53.9009
20.85,27.560384,53.90084
20.41615667,27.4888,53.8712
21.03404792,27.4534,53.8524
18.32967033,27.5189,53.8818
15.35911602,27.5881,53.8975
23.82857143,27.583449,53.907293
22.24,27.5774,53.9098
18.53333333,27.6074,53.9387
14.50434783,27.6547,53.9284
27.43421053,27.6509,53.9322
16.86552073,27.6887,53.9452
15.24680073,27.6916,53.9473
20.64356436,27.702172,53.944045
17.33887734,27.6958,53.9454
19.92831541,27.6377,53.9237
21.60621762,27.5997,53.9252
16.19417476,27.6784,53.95
18.59531773,27.5853,53.9391
19.60047004,27.5835,53.9367
16.17846751,27.5661,53.9258
18.32967033,27.565264,53.926004
19.66981132,27.6115,53.9458
16.96846389,27.6059,53.9441
13.32268371,27.5952,53.925
26.87288545,27.5846,53.93
21.74706649,27.4386,53.9292
22.24,27.5167,53.91
17.57639621,27.5167,53.91
22.54054054,27.5575,53.9095
26.0625,27.5409,53.9103
26.0625,27.537,53.9114
23.89684814,27.5702,53.9095
24.06926407,27.557,53.9016
26.02184087,27.534,53.9135
17.17816684,27.5468,53.9272
21.46718147,27.4898,53.9331
21.46718147,27.4898,53.9331
17.48427673,27.461,53.9418
28.75862069,27.5261,53.9124
21.88976378,27.4839,53.9309
19.69072165,27.5633,53.8904
25.05830904,27.4334,53.9039
30.53285968,27.5261,53.9124
30.72183099,27.4685,53.9393
21.79802956,27.5419,53.8996
25.28571429,27.5254,53.913
25.61428571,27.5419,53.8996
14.94166667,27.6423,53.9201
22.4125,27.6066,53.9224
26.21345029,27.6068,53.928
21.09411765,27.436836,53.906032
26.92192192,27.5452,53.9095
17.93,27.544,53.9279
13.18382353,27.5294,53.9142
20.88372093,27.6762,53.9554
22.03680982,27.6766,53.9532
21.82260024,28.7639,55.4851
21.7961165,27.5577,53.8982
23.2642487,27.5605,53.9009
21.82260024,27.4748,53.8464
21.82260024,27.49,53.8694
33.09988942,27.529,53.9052
16.20938628,27.5535,53.8709
19.67141292,27.5535,53.8709
19.73626374,27.5259,53.8489
23.38541667,27.6746,53.9164
19.84530387,27.6737,53.9468
18.3828045,27.596,53.9274
23.88297872,27.6881,53.9468
21.25443787,27.6264,53.922
22.67676768,27.6264,53.922
26.92653673,27.6264,53.922
26.76602086,27.6264,53.922
31.73144876,27.6553,53.9345
21.90243902,27.6536,53.9282
14.96666667,27.6916,53.9473
18.47736626,27.6887,53.9452
20.45558087,27.6998,53.9471
21.45758662,27.6377,53.9237
16.94339623,27.5838,53.9356
11.77704918,27.5942,53.9637
18.53457172,27.579,53.9318
21.90243902,27.4808,53.9042
19.71459934,27.5069,53.902
15.79595427,27.4862,53.9005
20.43230944,27.4369,53.9055
19.47939262,27.5167,53.91
19.06581741,27.5167,53.91
18.01404213,27.53,53.9133
28.96774194,27.4739,53.933
17.38625363,27.5501,53.9288
27.29483283,27.5452,53.9095
30.64846416,27.4757,53.9342
28.0625,27.5315,53.9187
28.87459807,27.5539,53.9145
25.43909348,27.5539,53.9145
27.37804878,27.5539,53.9145
21.84914842,27.534,53.908
27.93157076,27.5254,53.913
22.25526642,27.5254,53.913
18.21501014,27.5491,53.9289
20,27.585276,53.939127
18.51485149,27.5703,53.9411
23.73289407,27.5793,53.9113
18.67397807,27.461,53.9418
19.24,27.408013,53.918439
26.6851595,27.5564,53.8977
19.63265306,27.5669,53.9035
26,27.554201,53.896254
18.32380952,27.5605,53.9009
25.44973545,27.5161,53.8862
27.48571429,27.5161,53.8862
14.8,27.4528,53.8561
23.23671498,27.5419,53.8996
17.17857143,27.5366,53.8789
26.90909091,27.5535,53.8936
14.8,27.641914,53.919999
27.0604782,27.6532,53.9329
19.79423868,27.690417,53.945175
30.53968254,27.63373,53.921934
22.29432213,27.65381,53.930168
22.68867925,27.636,53.9216
23.66543665,27.5915,53.9356
21.11964874,27.5853,53.9391
19.24,27.5838,53.9356
21.47321429,27.5832,53.9363
21.86363636,27.5581,53.9179
28.71641791,27.5865,53.9326
30.5106248,27.5865,53.9326
20.44633369,27.6082,53.9447
19.24,27.560233,53.922878
27.09859155,27.564313,53.922503
15.35514765,27.5325,53.9131
16.30508475,27.5331,53.914
21.37777778,27.5702,53.9095
30.0625,27.550401,53.904131
28.67362146,27.464,53.942
20.24922118,27.5769,53.9105
31.20063191,27.6553,53.9345
26.33333333,27.559,53.9011
19.20345489,27.544,53.9279
22.76450512,27.5254,53.913
23.78823529,27.636,53.9216
23.32566168,27.382,53.9175
13.67746289,27.5349,53.823
20.00987167,27.6948,53.9461
23.90330189,27.636,53.9216
17.30999146,27.5331,53.914
24.11764706,27.5671,53.9199
17.67241379,27.5285,53.9141
22.40174672,27.5632,53.891
21.82978723,27.5632,53.891
22.40174672,27.5632,53.891
342,27.567227,53.873111
29.48275862,27.5603,53.9002
20.19685039,27.5715,53.8988
20.19685039,27.5715,53.8988
23.31818182,27.4864,53.8679
22.62403528,27.5171,53.8882
24.63385354,27.4864,53.8679
27.36,27.4856,53.8655
21.87633262,27.4754,53.847
28.57938719,27.4748,53.8464
33.31168831,27.552,53.8975
23.37129841,27.5419,53.8996
20.93877551,27.5535,53.8936
25.42750929,27.5795,53.9059
25.33333333,27.5819,53.8986
26.20689655,27.6104,53.8861
16.88888889,27.6423,53.9201
28.18681319,27.5981,53.926
15.55724033,27.6929,53.9502
21.6,27.6551,53.9312
40.47337278,27.6551,53.9312
21.94652406,27.5899,53.9312
19.23149016,27.5838,53.9372
26.30769231,27.5851,53.9135
16.19573796,27.5952,53.925
15.45180723,27.586,53.9382
22.8,27.459571,53.905484
21.6227608,27.5202,53.9103
24.39952438,27.5167,53.91
21.04615385,27.5167,53.91
21.78343949,27.5193,53.9108
19.05292479,27.5319,53.9138
18.32142857,27.5335,53.9153
17.68965517,27.5285,53.9141
29.2724679,27.4638,53.9405
34.95741056,27.5563,53.8999
30.17647059,27.549164,53.902947
31.18541033,27.5466,53.9084
24.14117647,27.48206,53.939715
17.5534645,27.5402,53.9119
20.11764706,27.4733,53.9379
25.2398524,27.461,53.9418
25.81132075,27.5249,53.9135
26.64935065,27.549,53.9304
26.73443456,27.461,53.9418
29.77622378,27.6532,53.9329
22.25510204,27.5632,53.891
25.06896552,27.5695,53.8787
24.23333333,27.543649,53.876475
28.14193548,27.5557,53.8916
19.6309631,27.5881,53.8975
30.71830986,27.651951,53.930925
38.19614711,27.6553,53.9345
18.05463576,27.6916,53.9473
21.81,27.603309,53.924854
18.89948007,27.6887,53.9452
17.46196958,27.6916,53.9473
19.80926431,27.6984,53.9474
25.62867215,27.5945,53.9366
25.62867215,27.5945,53.9366
24.34151786,27.5835,53.9367
22.3234391,27.5607,53.9235
22.3234391,27.5607,53.9235
23.68078176,27.5607,53.9235
29.26338387,27.5525,53.9008
33.04545455,27.4778,53.9346
21.63690476,27.4733,53.9379
27.71283355,27.4657,53.9413
19.70189702,27.4657,53.9413
21.38235294,27.4733,53.9379
25.96428571,27.465451,53.941091
22.86163522,27.461,53.9418
29.49333333,27.6549,53.929
22.83114257,27.558085,53.917914
21.1559633,27.5335,53.9153
27.12941176,27.5273,53.9119
28.825,27.5688,53.9111
29.6025641,27.4657,53.9413
28.50617284,27.5633,53.8904
41.23214286,27.552201,53.899149
26.23863636,27.5161,53.8862
25.57032115,27.552,53.8975
21.57943925,27.5881,53.8975
35.46850998,27.6512,53.9309
19.24166667,27.6887,53.9452
20.63449508,27.6994,53.9462
22.65947007,27.5838,53.9372
26.84883721,27.5206,53.9085
24.43386243,27.5206,53.9085
27.39027284,27.5273,53.9119
24.96216216,27.4739,53.933
34.98484848,27.5756,53.9096
24.15271967,27.4733,53.9379
23.68205128,27.4733,53.9379
29.90932642,27.5102,53.9298
23.19047619,27.5581,53.9179
24.9692623,27.5438,53.8774
28.87440758,27.5235,53.8895
28.63689777,27.5945,53.9366
24.37,27.51758,53.910127
27.07777778,27.5168,53.9089
30.84810127,27.569358,53.911328
30.84810127,27.4727,53.9363
34.81428571,27.5354,53.9154
20.42749371,27.5466,53.9306
26.18556701,27.5507,53.8921
23.09090909,27.696521,53.946653
24.62055716,27.6423,53.9201
25.63,27.6034,53.9181
28.47777778,27.532582,53.914685
24.57854406,27.549749,53.922574
27.59139785,27.3322,53.9461
32.2361809,27.5235,53.8895
25.73721163,27.4754,53.847
28.63839286,27.4806,53.856
25.73721163,27.5451,53.8776
28.63839286,27.5514,53.8928
28.47946726,27.5554,53.8769
21.11934156,27.6423,53.9201
26.75703858,27.6012,53.9174
26.78496868,27.6074,53.9268
26.78496868,27.6074,53.9268
26.18367347,27.6551,53.9312
29.35926773,27.6541,53.9315
25.58325025,27.6377,53.9237
14.96646253,27.582411,53.96832
27.80065005,27.6151,53.9519
37.95857988,27.5793,53.913
19.23538231,27.5745,53.9202
28.32229581,27.5202,53.9103
23.20072333,27.5585,53.924
21.85689949,27.5331,53.914
19.9688716,27.5325,53.9131
25.00974659,27.5634,53.9149
32.48101266,27.5688,53.9111
40.03120125,27.5452,53.9095
30.87845969,27.4852,53.9388
30.87845969,27.4852,53.9388
25.40594059,27.461,53.9418
25.97165992,27.461,53.9418
21.93162393,27.5505,53.9217
32.61501211,27.6541,53.9315
28.47780127,27.5402,53.9119
38.08180536,27.8982,53.6207
29.06185567,27.5404,53.93
33.3964497,27.4913,53.9383
19.30232558,27.3832,53.9181
30.84153005,27.5513,53.878
31.35555556,27.581892,53.902286
24.43290043,27.5874,53.8983
17.69278997,27.6152,53.9388
22.83171521,27.5895,53.9309
34,27.5945,53.9366
31.49553571,27.5832,53.9363
41.74556213,27.5793,53.913
37.57656458,27.5793,53.913
43.41538462,27.460628,53.942825
21.04399702,27.5278,53.9109
22.046875,27.5294,53.9142
26.81818182,27.5633,53.8904
32.06521739,27.522384,53.889044
35.52662722,27.5957,53.9361
30.76,27.5273,53.9119
39.52503209,27.5514,53.8928
39.52503209,27.5514,53.8928
29.60576923,27.5844,53.8947
24.77071601,27.6423,53.9201
24.71107544,27.6423,53.9201
38.77833753,27.6264,53.922
40.94414894,27.6509,53.9322
40.45992116,27.6034,53.9181
30.06835938,27.6548,53.9297
39.02408112,27.5793,53.9113
32.20711297,27.5325,53.9068
35.10832383,27.5273,53.9119
38.97468354,27.5688,53.9111
31.97300104,27.5404,53.93
31.97300104,27.5404,53.93
47.36923077,27.461872,53.942775
25.05288853,27.5466,53.9306
22.86861314,27.558417,53.924055
28.7431694,27.5335,53.9153
21.96575342,27.5285,53.9203
31.21698113,27.641882,53.919828
39.23529412,27.5605,53.9009
31.19738073,27.5883,53.8975
30.34576888,27.6065,53.9261
19.61764706,27.4619,53.9047
30.93692022,27.5335,53.9153
29.9103139,27.5285,53.9141
53.18979266,27.5688,53.9123
29.43512798,27.5452,53.9095
40.62119367,27.5402,53.9119
32.22222222,27.5285,53.9203
26.46825397,27.5402,53.9119
27.38095238,27.5285,53.9203
39.30760499,27.6378,53.9182
33.01239276,27.586,53.9382
34.45771144,27.5325,53.9068
33.95098039,27.4733,53.9379
27.3663522,27.5294,53.9142
43.64520049,27.5325,53.9068
39.2568306,27.5193,53.9108
35.25024534,27.5563,53.8999
31.07266436,27.4913,53.9383
55.09202454,27.461258,53.943488
32.7140255,27.4614,53.9428
30.54421769,27.5572,53.9102
41.51785714,27.5402,53.9119
41.9205298,27.5491,53.9289
42.66075388,27.5402,53.9119
43.43115124,27.5835,53.9367
40.25104603,27.5325,53.9068
37.50487329,27.5505,53.9217
37.3592233,27.549577,53.922625
24.44726811,27.4824,53.94
28.84992987,27.5907,53.9535
43.09288538,27.5572,53.9102
48.25496343,27.5325,53.9068
48.25496343,27.5325,53.9068
50.5,27.642634,53.921576
50.03,27.568799,53.918923
67.07189542,27.5739,53.9069
49.28914505,27.6436,53.9219
31.86956522,27.5325,53.9068
56.94783574,27.5402,53.9119
54.2962963,27.556835,53.910833
42.15,27.5335,53.9153
55.29310345,27.556873,53.910149
40.69688385,27.47,53.9003
75.58080808,27.5572,53.9102
6.4125,30.967438,52.415415
7.328571429,23.7518,52.0772
5.34375,23.7624,52.0694
6.107142857,30.3518,53.9337
7.972972973,30.2433,55.1974
6.666666667,23.746246,52.076875
11.44642857,23.7999,53.6697
9.9,27.4877,53.9038
13.27586207,28.6474,55.5328
13.18493151,27.5017,53.8424
11.49253731,27.5017,53.8424
10.13157895,27.5012,53.8398
12.53968254,27.453057,53.794089
11.225,26.4138,54.4788
11.08641975,27.4463,53.8474
6.414285714,30.331732,53.917649
10.1814059,30.350403,53.870108
13.02631579,23.844899,53.712855
10.89171975,27.4298,53.9271
11.34955752,27.4335,53.9263
9.8,27.6849,53.9477
18.48739496,27.548,52.7848
18.81666667,27.4981,53.9034
19.55932203,27.6848,53.869
12.76548673,27.5558,53.9022
15.63432836,27.540203,53.878603
12.24236641,27.5476,53.8839
12.12665406,27.5066,53.9009
16.0375,27.4865,53.9325
10.69166667,30.190732,55.19471
16.56470588,27.6012,53.9297
18.08974359,27.5535,53.8845
10.32187271,27.6893,53.9446
18.27720207,27.6928,53.9433
12.33391608,27.636,53.9216
17.6375,27.5843,53.9342
21.76461515,27.4785,53.9131
17.41975309,27.537,53.9114
15.05102041,27.6039,53.899
14.9223301,27.57,53.9005
14.11926606,27.5758,53.8945
12.11811024,27.5671,53.871
13.99090909,27.4559,53.8464
19.43181818,27.4965,53.8811
13.15384615,27.5112,53.8891
19.33417085,27.6368,53.9228
13.41761116,27.5931,53.9345
14.61538462,27.4984,53.9128
17.24444444,27.600878,53.929865
18.77950897,27.6012,53.9297
12.63076923,27.4808,53.9049
15.30275229,27.5758,53.8945
17.74468085,27.5633,53.8672
17.375,27.4849,53.8724
18.95454545,27.553232,53.876878
18.53333333,27.526167,53.844718
17.78251599,27.6028,53.9269
20.69478908,27.5785,53.923
18.86877828,27.571,53.9213
13.9,27.480821,53.904393
18.07150596,27.4842,53.9319
14.75760066,27.449676,53.864347
14.781893,27.6916,53.9473
17.26923077,27.6282,53.9413
15.6173913,27.5853,53.9391
18.25203252,27.5793,53.9113
12.82857143,27.5462,53.9402
15.60421736,27.4746,53.8625
18.91838741,27.5059,53.9017
13.87166547,27.4535,53.8807
24.66666667,27.5102,53.9298
15.84555985,27.5535,53.8789
15.55724033,27.6929,53.9502
15.6402439,27.5899,53.9312
23.21266968,27.571,53.9213
16.33757962,27.4763,53.9061
16.33757962,27.4763,53.9061
18.53658537,27.4657,53.9413
17.72020725,27.466816,53.940882
19.01482127,27.6059,53.9262
18.175,27.4795,53.9063
19.01482127,27.4396,53.8901
21.63243243,27.4739,53.933
20.13227513,27.5843,53.9367
22.83,27.5906,53.9276
13.97575758,27.5844,53.9489
20.99090909,27.5507,53.8921
23.09,27.6916,53.9473
20.8018018,27.6916,53.9473
15.70748299,27.6887,53.9452
20.3975265,27.5843,53.9367
22.6372549,27.5745,53.9202
20.27216857,27.5452,53.9095
24.27970557,27.5769,53.9105
19.24166667,27.5481,53.9287
17.16197183,27.588973,53.930889
18.50417616,27.5505,53.9217
22.08695652,27.6994,53.9462
17.08666667,27.6023,53.9236
28.83014623,27.4555,53.9388
18.85378398,27.4508,53.9056
27.56176155,27.5556,53.8972
16.72750978,27.6023,53.9236
18.5942029,27.5997,53.9252
19.42467827,27.5759,53.921
21.76420696,27.5759,53.921
15.55151515,27.5844,53.9489
15.55151515,27.5844,53.9489
19.04974016,27.4788,53.9072
17.22147651,27.505779,53.911674
18.85378398,27.4508,53.9056
27.01052632,27.5273,53.9119
27.89130435,27.5273,53.9119
21.38333333,27.5677,53.9111
25.30571992,27.5404,53.93
31.83622829,27.5555,53.9082
22.06362855,27.5481,53.9287
18.2027027,27.5952,53.925
20.72794118,27.5294,53.9142
24.26483233,27.5632,53.891
24.26483233,27.5632,53.891
12.87996349,27.5952,53.925
21.10695587,27.5481,53.9287
19.66666667,27.4508,53.9056
11.84230769,27.6193,53.9697
13.38695652,27.6193,53.9697
22.07168459,27.5823,53.9015
24.73092369,27.600845,53.926313
22.47445255,27.5892,53.9523
23.9052795,27.5581,53.9179
24.99188312,27.575,53.9455
29.15454545,27.5909,53.9398
29.15454545,27.5909,53.9398
24.68888889,27.5285,53.9141
17.02399183,27.608785,53.941642
24.7037037,27.5285,53.9141
21.48840206,27.5632,53.891
10.88801828,27.589179,53.95237
24.34306569,27.5892,53.9523
23.53563867,27.575,53.9455
19.61764706,27.4619,53.9047
26.65867306,27.4619,53.9047
26.65867306,27.4619,53.9047
23.80442541,27.5335,53.9153
25.18882175,27.5285,53.9141
32.62727273,27.5206,53.9085
25.63571429,27.5294,53.9142
24.94444444,27.597843,53.925987
44.12776413,27.6553,53.9345
33.41395349,27.5206,53.9085
33.16712835,27.5206,53.9085
25.5658363,27.5285,53.9203
25.52069426,27.62,53.9694
29.58461538,27.53,53.9133
25.64,27.5285,53.9203
35.72887651,27.5736,53.8955
38.48,27.5534,53.8974
12.56284688,27.5892,53.9523
25.86021505,27.5898,53.9528
22.97313433,27.598249,53.94919
29.8989899,27.53,53.9133
27.19333333,27.5898,53.9528
37.18297101,27.5437,53.8766
39.0952381,27.5482,53.8846
26.74267101,27.6217,53.9373
26.00477042,27.5966,53.9272
33.46891788,27.4852,53.9388
31.51011561,27.5285,53.9203
40.29668412,27.5167,53.91
35.44128933,27.4852,53.9388
40.33187773,27.464,53.942
35.49577248,27.465,53.9411
37.90096083,27.5325,53.9068
33.06056701,27.5632,53.891
31.75123762,27.5325,53.9068
38.54996243,27.4876,53.9389
55.86138614,27.5715,53.8988
41.18248175,27.5325,53.9146
55.8093543,27.5715,53.8988
40.31428571,27.576068,53.920923
42.40420736,27.4876,53.9389
47.25961538,27.5572,53.9102
44.16916168,27.5335,53.9153
42.15,27.5335,53.9153
34.208,27.5746,53.9414
48.96183206,27.5572,53.9102
39.15789474,27.648321,53.925517
52.46826516,27.5572,53.9102
58.17838246,27.6496,53.9246
43.98285714,27.6549,53.929
64.14166667,27.556749,53.910542
66.69844021,27.556926,53.910162
10.15171504,27.440264,53.889839
17.65978368,27.5481,53.852
10.56470588,27.6212,53.937
14.4141252,27.5069,53.902
18.17537644,27.57,53.9005
15.97570235,27.5938,53.9276
16.88157895,27.582122,53.902389
19.14518318,27.5052,53.9127
20.88873813,27.505822,53.911775
22.15107914,27.6201,53.9364
20.93534212,27.5632,53.891
22.53378378,27.5814,53.9023
30.96564531,27.4614,53.9428
26.43119941,27.475,53.8441
24.27027027,27.582358,53.902401
23.94666667,27.5814,53.9023
31.79705655,27.551,53.9308
27.76433121,27.5815,53.9023
18.96086957,27.5952,53.925
21.97619048,27.5291,53.9121
42.98059965,27.584819,53.949937
39.7211464,27.551,53.9308
30.54166667,27.582643,53.901728
35.02389078,27.602606,53.917853
28.50555556,27.669476,53.95327
32.87692308,27.5581,53.9179
25.29179811,27.5865,53.9436
33.46521739,27.5952,53.925
42.12416624,27.5581,53.9179
10.8315745,27.6916,53.9473
8.718446602,27.6242,53.991
18.0846446,27.5581,53.9179
22.96675192,27.5815,53.9023
11.97712418,27.6718,53.8797
